framework,workload,target_parameter,target_value,row_multiplicity,methods,representative_run_id,deepest_milestone,normalized_signature
deepspeed,chatglm3-train,model.attention_dropout,1.0,6,configfuzz;constraint_filter_only;global_repair;native_validator_guided;raw_mutation;static_hard_configfuzz,rq3-current-deepspeed-975088186fd9c6fe,process_group_initialization,"RuntimeError: Expected p_dropout < <N>.f to be true, but got false. (Could this error message be improved? If so, please report an enhancement request to PyTorch.)"
deepspeed,chatglm3-train,model.attention_dropout,1.000001,6,configfuzz;constraint_filter_only;global_repair;native_validator_guided;raw_mutation;static_hard_configfuzz,rq3-current-deepspeed-6131b4f2e67f60b0,process_group_initialization,"RuntimeError: Expected p_dropout < <N>.f to be true, but got false. (Could this error message be improved? If so, please report an enhancement request to PyTorch.)"
deepspeed,chatglm3-train,model.ffn_hidden_size,-1,6,configfuzz;constraint_filter_only;global_repair;native_validator_guided;raw_mutation;static_hard_configfuzz,rq3-current-deepspeed-130a52665e56361d,argument_parsing,"RuntimeError: Trying to create tensor with negative dimension -<N>: [-<N>, <N>]"
deepspeed,chatglm3-train,model.hidden_size,-1,4,configfuzz;global_repair;native_validator_guided;raw_mutation,rq3-current-deepspeed-aa281476c5f40881,argument_parsing,"RuntimeError: Trying to create tensor with negative dimension -<N>: [<N>, -<N>]"
deepspeed,chatglm3-train,model.hidden_size,1,4,configfuzz;global_repair;native_validator_guided;raw_mutation,rq3-current-deepspeed-804bc0081fa9f83c,argument_parsing,ZeroDivisionError: <N> cannot be raised to a negative power
deepspeed,chatglm3-train,model.hidden_size,2,4,configfuzz;global_repair;native_validator_guided;raw_mutation,rq3-current-deepspeed-f921b57e3a5d3f45,argument_parsing,ZeroDivisionError: <N> cannot be raised to a negative power
deepspeed,chatglm3-train,model.num_attention_heads,-1,5,configfuzz;global_repair;native_validator_guided;raw_mutation;static_hard_configfuzz,rq3-current-deepspeed-3b6a55ef32000630,argument_parsing,"RuntimeError: Trying to create tensor with negative dimension -<N>: [-<N>, <N>]"
deepspeed,chatglm3-train,model.num_attention_heads,0,4,configfuzz;global_repair;native_validator_guided;raw_mutation,rq3-current-deepspeed-62d50f2c928c5c7a,argument_parsing,ZeroDivisionError: integer division or modulo by zero
deepspeed,chatglm3-train,model.num_attention_heads,11,2,native_validator_guided;raw_mutation,rq3-current-deepspeed-0bd5bc4c1903fa7e,process_group_initialization,RuntimeError: Number of heads in key and value must divide the number of heads in
deepspeed,chatglm3-train,model.num_attention_heads,13,2,native_validator_guided;raw_mutation,rq3-current-deepspeed-55d662f72caf0ed4,process_group_initialization,RuntimeError: Number of heads in key and value must divide the number of heads in
deepspeed,chatglm3-train,model.num_attention_heads,15,2,native_validator_guided;raw_mutation,rq3-current-deepspeed-16ede5d6a5ef6b98,process_group_initialization,RuntimeError: Number of heads in key and value must divide the number of heads in
deepspeed,chatglm3-train,model.num_attention_heads,17,2,native_validator_guided;raw_mutation,rq3-current-deepspeed-ee6af1733134eb52,process_group_initialization,RuntimeError: Number of heads in key and value must divide the number of heads in
deepspeed,chatglm3-train,model.num_attention_heads,5,2,native_validator_guided;raw_mutation,rq3-current-deepspeed-cb721f6ade2ea32d,process_group_initialization,RuntimeError: Number of heads in key and value must divide the number of heads in
deepspeed,chatglm3-train,model.num_attention_heads,7,2,native_validator_guided;raw_mutation,rq3-current-deepspeed-e5cab524a955f0af,process_group_initialization,RuntimeError: Number of heads in key and value must divide the number of heads in
deepspeed,chatglm3-train,model.num_attention_heads,9,2,native_validator_guided;raw_mutation,rq3-current-deepspeed-454e1cf745444a3f,process_group_initialization,RuntimeError: Number of heads in key and value must divide the number of heads in
deepspeed,chatglm3-train,model.num_query_groups,-1,6,configfuzz;constraint_filter_only;global_repair;native_validator_guided;raw_mutation;static_hard_configfuzz,rq3-current-deepspeed-0eb2bc57587e6f62,argument_parsing,"RuntimeError: Trying to create tensor with negative dimension -<N>: [-<N>, <N>]"
deepspeed,chatglm3-train,model.num_query_groups,-2,6,configfuzz;constraint_filter_only;global_repair;native_validator_guided;raw_mutation;static_hard_configfuzz,rq3-current-deepspeed-4d9e9cc9053d3169,argument_parsing,"RuntimeError: Trying to create tensor with negative dimension -<N>: [-<N>, <N>]"
deepspeed,chatglm3-train,model.num_query_groups,-6,4,configfuzz;global_repair;native_validator_guided;raw_mutation,rq3-current-deepspeed-bfe3ebca01549deb,argument_parsing,"RuntimeError: Trying to create tensor with negative dimension -<N>: [-<N>, <N>]"
deepspeed,chatglm3-train,model.num_query_groups,0,4,configfuzz;global_repair;native_validator_guided;raw_mutation,rq3-current-deepspeed-eae8399069b29f03,argument_parsing,ZeroDivisionError: integer division or modulo by zero
deepspeed,chatglm3-train,model.num_query_groups,10,2,native_validator_guided;raw_mutation,rq3-current-deepspeed-71a712fb788be5e2,process_group_initialization,RuntimeError: Number of heads in key and value must divide the number of heads in
deepspeed,chatglm3-train,model.num_query_groups,16,2,native_validator_guided;raw_mutation,rq3-current-deepspeed-93743d18e91eb799,process_group_initialization,RuntimeError: Number of heads in key and value must divide the number of heads in
deepspeed,chatglm3-train,model.num_query_groups,3,2,native_validator_guided;raw_mutation,rq3-current-deepspeed-2df1bde6e936c127,process_group_initialization,RuntimeError: Number of heads in key and value must divide the number of heads in
deepspeed,chatglm3-train,model.num_query_groups,5,2,native_validator_guided;raw_mutation,rq3-current-deepspeed-edf295c4f95c105a,process_group_initialization,RuntimeError: Number of heads in key and value must divide the number of heads in
deepspeed,chatglm3-train,model.num_query_groups,6,2,native_validator_guided;raw_mutation,rq3-current-deepspeed-ceec4791567ef232,process_group_initialization,RuntimeError: Number of heads in key and value must divide the number of heads in
deepspeed,chatglm3-train,model.num_query_groups,7,2,native_validator_guided;raw_mutation,rq3-current-deepspeed-b05fa71eb0e989ad,process_group_initialization,RuntimeError: Number of heads in key and value must divide the number of heads in
deepspeed,chatglm3-train,model.num_query_groups,9,2,native_validator_guided;raw_mutation,rq3-current-deepspeed-0e5ad38fd9aba651,process_group_initialization,RuntimeError: Number of heads in key and value must divide the number of heads in
deepspeed,chatglm3-train,model.seq_length,-1,6,configfuzz;constraint_filter_only;global_repair;native_validator_guided;raw_mutation;static_hard_configfuzz,rq3-current-deepspeed-748282fdb0734aa0,process_group_initialization,"RuntimeError: Trying to create tensor with negative dimension -<N>: [<N>, -<N>]"
deepspeed,chatglm3-train,model.vocab_size,1,6,configfuzz;constraint_filter_only;global_repair;native_validator_guided;raw_mutation;static_hard_configfuzz,rq3-current-deepspeed-a6ada6c816c2f9ff,process_group_initialization,"RuntimeError: random_ expects 'from' to be less than 'to', but got from=<N> >= to=<N>"
deepspeed,cogvideox-train,video.frames,-3,6,configfuzz;constraint_filter_only;global_repair;native_validator_guided;raw_mutation;static_hard_configfuzz,rq3-current-deepspeed-2072fb3165536868,argument_parsing,RuntimeError: upper bound and lower bound inconsistent with step sign
deepspeed,cogvideox-train,video.in_channels,-4,6,configfuzz;constraint_filter_only;global_repair;native_validator_guided;raw_mutation;static_hard_configfuzz,rq3-current-deepspeed-1e770594b403da10,argument_parsing,"RuntimeError: Trying to create tensor with negative dimension -<N>: [<N>, -<N>, <N>, <N>]"
deepspeed,cogvideox-train,video.out_channels,-4,6,configfuzz;constraint_filter_only;global_repair;native_validator_guided;raw_mutation;static_hard_configfuzz,rq3-current-deepspeed-b64f6f65d15eab78,argument_parsing,"RuntimeError: Trying to create tensor with negative dimension -<N>: [-<N>, <N>]"
deepspeed,cogvideox-train,video.out_channels,0,6,configfuzz;constraint_filter_only;global_repair;native_validator_guided;raw_mutation;static_hard_configfuzz,rq3-current-deepspeed-bf788b78e42b0a96,forward,KeyError: <N>
deepspeed,cogvideox-train,video.patch_size,-1,6,configfuzz;constraint_filter_only;global_repair;native_validator_guided;raw_mutation;static_hard_configfuzz,rq3-current-deepspeed-96e86708060c6e7a,argument_parsing,"RuntimeError: Trying to create tensor with negative dimension -<N>: [<N>, <N>, -<N>, -<N>]"
deepspeed,cogvideox-train,video.patch_size,-2,6,configfuzz;constraint_filter_only;global_repair;native_validator_guided;raw_mutation;static_hard_configfuzz,rq3-current-deepspeed-e9777f64db813a1c,argument_parsing,"RuntimeError: Trying to create tensor with negative dimension -<N>: [<N>, <N>, -<N>, -<N>]"
deepspeed,cogvideox-train,video.patch_size,-6,6,configfuzz;constraint_filter_only;global_repair;native_validator_guided;raw_mutation;static_hard_configfuzz,rq3-current-deepspeed-4d83ecdec45e81ac,argument_parsing,"RuntimeError: Trying to create tensor with negative dimension -<N>: [<N>, <N>, -<N>, -<N>]"
deepspeed,cogvideox-train,video.patch_size,0,6,configfuzz;constraint_filter_only;global_repair;native_validator_guided;raw_mutation;static_hard_configfuzz,rq3-current-deepspeed-f7e6dfd979a8ee30,argument_parsing,ZeroDivisionError: integer division or modulo by zero
deepspeed,cogvideox-train,video.temporal_compression_ratio,-1,6,configfuzz;constraint_filter_only;global_repair;native_validator_guided;raw_mutation;static_hard_configfuzz,rq3-current-deepspeed-c80a9531208683c5,argument_parsing,RuntimeError: upper bound and lower bound inconsistent with step sign
deepspeed,cogvideox-train,video.temporal_compression_ratio,-2,6,configfuzz;constraint_filter_only;global_repair;native_validator_guided;raw_mutation;static_hard_configfuzz,rq3-current-deepspeed-f59b5b45219f2e69,argument_parsing,RuntimeError: upper bound and lower bound inconsistent with step sign
deepspeed,cogvideox-train,video.temporal_compression_ratio,-3,6,configfuzz;constraint_filter_only;global_repair;native_validator_guided;raw_mutation;static_hard_configfuzz,rq3-current-deepspeed-49ba0ee66f00c33d,argument_parsing,RuntimeError: upper bound and lower bound inconsistent with step sign
deepspeed,deepseekv3-train,mla.kv_lora_rank,60,6,configfuzz;constraint_filter_only;global_repair;native_validator_guided;raw_mutation;static_hard_configfuzz,rq3-current-deepspeed-cfdf91a9d8e55b7c,process_group_initialization,RuntimeError: expected data_ptr to be aligned to <N> bytes
deepspeed,deepseekv3-train,mla.kv_lora_rank,65,6,configfuzz;constraint_filter_only;global_repair;native_validator_guided;raw_mutation;static_hard_configfuzz,rq3-current-deepspeed-ba7594792f2bfc7f,process_group_initialization,RuntimeError: expected data_ptr to be aligned to <N> bytes
deepspeed,deepseekv3-train,mla.kv_lora_rank,66,6,configfuzz;constraint_filter_only;global_repair;native_validator_guided;raw_mutation;static_hard_configfuzz,rq3-current-deepspeed-a435058084c35511,process_group_initialization,RuntimeError: expected data_ptr to be aligned to <N> bytes
deepspeed,deepseekv3-train,mla.kv_lora_rank,67,6,configfuzz;constraint_filter_only;global_repair;native_validator_guided;raw_mutation;static_hard_configfuzz,rq3-current-deepspeed-422868a84d9a36ee,process_group_initialization,RuntimeError: expected data_ptr to be aligned to <N> bytes
deepspeed,deepseekv3-train,mla.kv_lora_rank,68,6,configfuzz;constraint_filter_only;global_repair;native_validator_guided;raw_mutation;static_hard_configfuzz,rq3-current-deepspeed-9562d4b10a2103b7,process_group_initialization,RuntimeError: expected data_ptr to be aligned to <N> bytes
deepspeed,deepseekv3-train,mla.q_lora_rank,124,6,configfuzz;constraint_filter_only;global_repair;native_validator_guided;raw_mutation;static_hard_configfuzz,rq3-current-deepspeed-d9e47a115b17960a,process_group_initialization,RuntimeError: expected data_ptr to be aligned to <N> bytes
deepspeed,deepseekv3-train,mla.q_lora_rank,129,6,configfuzz;constraint_filter_only;global_repair;native_validator_guided;raw_mutation;static_hard_configfuzz,rq3-current-deepspeed-2edf314e34f24f53,process_group_initialization,RuntimeError: expected data_ptr to be aligned to <N> bytes
deepspeed,deepseekv3-train,mla.q_lora_rank,130,6,configfuzz;constraint_filter_only;global_repair;native_validator_guided;raw_mutation;static_hard_configfuzz,rq3-current-deepspeed-7de0dc08c8f2b00f,process_group_initialization,RuntimeError: expected data_ptr to be aligned to <N> bytes
deepspeed,deepseekv3-train,mla.q_lora_rank,131,6,configfuzz;constraint_filter_only;global_repair;native_validator_guided;raw_mutation;static_hard_configfuzz,rq3-current-deepspeed-17baf7847973eb96,process_group_initialization,RuntimeError: expected data_ptr to be aligned to <N> bytes
deepspeed,deepseekv3-train,mla.q_lora_rank,132,6,configfuzz;constraint_filter_only;global_repair;native_validator_guided;raw_mutation;static_hard_configfuzz,rq3-current-deepspeed-c8373e1c0b575ed1,process_group_initialization,RuntimeError: expected data_ptr to be aligned to <N> bytes
deepspeed,deepseekv3-train,mla.qk_rope_head_dim,33,6,configfuzz;constraint_filter_only;global_repair;native_validator_guided;raw_mutation;static_hard_configfuzz,rq3-current-deepspeed-ab6c7d1c7b027086,process_group_initialization,"RuntimeError: shape '[<N>, <N>, <N>, <N>, <N>]' is invalid for input of size <N>"
deepspeed,deepseekv3-train,mla.qk_rope_head_dim,35,6,configfuzz;constraint_filter_only;global_repair;native_validator_guided;raw_mutation;static_hard_configfuzz,rq3-current-deepspeed-415a636fac0bcc3e,process_group_initialization,"RuntimeError: shape '[<N>, <N>, <N>, <N>, <N>]' is invalid for input of size <N>"
deepspeed,deepseekv3-train,moe.moe_router_num_groups,-1,5,configfuzz;global_repair;native_validator_guided;raw_mutation;static_hard_configfuzz,rq3-current-deepspeed-526bce3495f47f97,process_group_initialization,RuntimeError: only one dimension can be inferred
deepspeed,deepseekv3-train,moe.moe_router_num_groups,-2,5,configfuzz;global_repair;native_validator_guided;raw_mutation;static_hard_configfuzz,rq3-current-deepspeed-b80b80e7d9016247,process_group_initialization,"RuntimeError: invalid shape dimension -<N> at index <N> of shape [-<N>, -<N>, -<N>]"
deepspeed,deepseekv3-train,moe.moe_router_num_groups,10,5,configfuzz;global_repair;native_validator_guided;raw_mutation;static_hard_configfuzz,rq3-current-deepspeed-545ca4115010630f,process_group_initialization,RuntimeError: selected index k out of range
deepspeed,deepseekv3-train,moe.moe_router_num_groups,3,5,configfuzz;global_repair;native_validator_guided;raw_mutation;static_hard_configfuzz,rq3-current-deepspeed-cbb652041091dedf,process_group_initialization,RuntimeError: selected index k out of range
deepspeed,deepseekv3-train,moe.moe_router_num_groups,4,6,configfuzz;constraint_filter_only;global_repair;native_validator_guided;raw_mutation;static_hard_configfuzz,rq3-current-deepspeed-f6524ea2e62ceca8,process_group_initialization,RuntimeError: selected index k out of range
deepspeed,deepseekv3-train,moe.moe_router_num_groups,5,5,configfuzz;global_repair;native_validator_guided;raw_mutation;static_hard_configfuzz,rq3-current-deepspeed-10cc1c1b1321aa35,process_group_initialization,RuntimeError: selected index k out of range
deepspeed,deepseekv3-train,moe.moe_router_num_groups,6,5,configfuzz;global_repair;native_validator_guided;raw_mutation;static_hard_configfuzz,rq3-current-deepspeed-bb72d3313ec30ad5,process_group_initialization,RuntimeError: selected index k out of range
deepspeed,deepseekv3-train,moe.moe_router_topk,-1,6,configfuzz;constraint_filter_only;global_repair;native_validator_guided;raw_mutation;static_hard_configfuzz,rq3-current-deepspeed-c5bae9d2ebe63c64,process_group_initialization,RuntimeError: selected index k out of range
deepspeed,deepseekv3-train,moe.moe_router_topk,10,2,native_validator_guided;raw_mutation,rq3-current-deepspeed-6527d05120aeb682,process_group_initialization,RuntimeError: selected index k out of range
deepspeed,deepseekv3-train,moe.moe_router_topk,5,2,native_validator_guided;raw_mutation,rq3-current-deepspeed-0f0e0331c1ebc28a,process_group_initialization,RuntimeError: selected index k out of range
deepspeed,deepseekv3-train,moe.moe_router_topk,6,2,native_validator_guided;raw_mutation,rq3-current-deepspeed-81cadc79474d58e7,process_group_initialization,RuntimeError: selected index k out of range
deepspeed,deepseekv3-train,moe.n_shared_experts,-1,6,configfuzz;constraint_filter_only;global_repair;native_validator_guided;raw_mutation;static_hard_configfuzz,rq3-current-deepspeed-d3393b5e170b0ebf,argument_parsing,"RuntimeError: Trying to create tensor with negative dimension -<N>: [-<N>, <N>]"
deepspeed,deepseekv3-train,moe.num_experts,-4,5,configfuzz;global_repair;native_validator_guided;raw_mutation;static_hard_configfuzz,rq3-current-deepspeed-7350a94b7b81eb1b,argument_parsing,"RuntimeError: Trying to create tensor with negative dimension -<N>: [-<N>, <N>, <N>]"
deepspeed,deepseekv3-train,moe.num_experts,7,2,native_validator_guided;raw_mutation,rq3-current-deepspeed-242d815cec22a03b,process_group_initialization,"RuntimeError: shape '[-<N>, <N>, <N>]' is invalid for input of size <N>"
deepspeed,deepseekv3-train,moe.topk_group,-1,6,configfuzz;constraint_filter_only;global_repair;native_validator_guided;raw_mutation;static_hard_configfuzz,rq3-current-deepspeed-88437357d3496539,process_group_initialization,RuntimeError: selected index k out of range
deepspeed,deepseekv3-train,moe.topk_group,3,5,configfuzz;global_repair;native_validator_guided;raw_mutation;static_hard_configfuzz,rq3-current-deepspeed-79193ef81c7a38c2,process_group_initialization,RuntimeError: selected index k out of range
deepspeed,deepseekv3-train,moe.topk_group,4,5,configfuzz;global_repair;native_validator_guided;raw_mutation;static_hard_configfuzz,rq3-current-deepspeed-7701bf52fb319fc3,process_group_initialization,RuntimeError: selected index k out of range
deepspeed,deepseekv3-train,moe.topk_group,5,4,configfuzz;global_repair;native_validator_guided;raw_mutation,rq3-current-deepspeed-03927f7e45b14f13,process_group_initialization,RuntimeError: selected index k out of range
deepspeed,deepseekv3-train,moe.topk_group,9,4,configfuzz;global_repair;native_validator_guided;raw_mutation,rq3-current-deepspeed-36fec285d49eacbe,process_group_initialization,RuntimeError: selected index k out of range
deepspeed,internvl3-train,model.hidden_size,504,6,configfuzz;constraint_filter_only;global_repair;native_validator_guided;raw_mutation;static_hard_configfuzz,rq3-current-deepspeed-97ca1cb905c9c0dd,process_group_initialization,RuntimeError: The size of tensor a (<N>) must match the size of tensor b (<N>) at non-singleton dimension <N>
deepspeed,internvl3-train,model.hidden_size,508,5,configfuzz;global_repair;native_validator_guided;raw_mutation;static_hard_configfuzz,rq3-current-deepspeed-d3be283d127422f6,process_group_initialization,RuntimeError: The size of tensor a (<N>) must match the size of tensor b (<N>) at non-singleton dimension <N>
deepspeed,internvl3-train,model.hidden_size,509,4,configfuzz;global_repair;native_validator_guided;raw_mutation,rq3-current-deepspeed-f91003d8d0617f55,process_group_initialization,RuntimeError: The size of tensor a (<N>) must match the size of tensor b (<N>) at non-singleton dimension <N>
deepspeed,internvl3-train,model.hidden_size,514,1,static_hard_configfuzz,rq3-current-deepspeed-df4adc6c3e03084e,process_group_initialization,RuntimeError: The size of tensor a (<N>) must match the size of tensor b (<N>) at non-singleton dimension <N>
deepspeed,internvl3-train,model.hidden_size,520,6,configfuzz;constraint_filter_only;global_repair;native_validator_guided;raw_mutation;static_hard_configfuzz,rq3-current-deepspeed-07db305226a3e2c4,process_group_initialization,RuntimeError: The size of tensor a (<N>) must match the size of tensor b (<N>) at non-singleton dimension <N>
deepspeed,internvl3-train,model.num_attention_heads,0,4,configfuzz;global_repair;native_validator_guided;raw_mutation,rq3-current-deepspeed-4b3b37bbca1b5d9f,argument_parsing,ZeroDivisionError: integer division or modulo by zero
deepspeed,internvl3-train,model.num_attention_heads,10,5,configfuzz;global_repair;native_validator_guided;raw_mutation;static_hard_configfuzz,rq3-current-deepspeed-5d125be07086987f,process_group_initialization,RuntimeError: The size of tensor a (<N>) must match the size of tensor b (<N>) at non-singleton dimension <N>
deepspeed,internvl3-train,model.num_attention_heads,11,3,native_validator_guided;raw_mutation;static_hard_configfuzz,rq3-current-deepspeed-2181a42335e049c0,process_group_initialization,RuntimeError: The size of tensor a (<N>) must match the size of tensor b (<N>) at non-singleton dimension <N>
deepspeed,internvl3-train,model.num_attention_heads,12,1,static_hard_configfuzz,rq3-current-deepspeed-1d1f334e4e79c2a7,process_group_initialization,RuntimeError: The size of tensor a (<N>) must match the size of tensor b (<N>) at non-singleton dimension <N>
deepspeed,internvl3-train,model.num_attention_heads,5,2,native_validator_guided;raw_mutation,rq3-current-deepspeed-66ff19347c2481f0,process_group_initialization,RuntimeError: Number of heads in key and value must divide the number of heads in
deepspeed,internvl3-train,model.num_attention_heads,9,3,native_validator_guided;raw_mutation;static_hard_configfuzz,rq3-current-deepspeed-df0f48cf3e821d92,process_group_initialization,RuntimeError: The size of tensor a (<N>) must match the size of tensor b (<N>) at non-singleton dimension <N>
deepspeed,internvl3-train,model.num_query_groups,-1,6,configfuzz;constraint_filter_only;global_repair;native_validator_guided;raw_mutation;static_hard_configfuzz,rq3-current-deepspeed-c34b5894c396e60d,argument_parsing,"RuntimeError: Trying to create tensor with negative dimension -<N>: [-<N>, <N>]"
deepspeed,internvl3-train,model.num_query_groups,-2,6,configfuzz;constraint_filter_only;global_repair;native_validator_guided;raw_mutation;static_hard_configfuzz,rq3-current-deepspeed-25d74c2169c54eae,argument_parsing,"RuntimeError: Trying to create tensor with negative dimension -<N>: [-<N>, <N>]"
deepspeed,internvl3-train,model.num_query_groups,-6,4,configfuzz;global_repair;native_validator_guided;raw_mutation,rq3-current-deepspeed-88e2dd026b7abe9f,argument_parsing,"RuntimeError: Trying to create tensor with negative dimension -<N>: [-<N>, <N>]"
deepspeed,internvl3-train,model.num_query_groups,10,4,configfuzz;global_repair;native_validator_guided;raw_mutation,rq3-current-deepspeed-b1047f9565c05153,process_group_initialization,RuntimeError: The size of tensor a (<N>) must match the size of tensor b (<N>) at non-singleton dimension <N>
deepspeed,internvl3-train,model.num_query_groups,3,2,native_validator_guided;raw_mutation,rq3-current-deepspeed-e4c429234f6a2d53,process_group_initialization,RuntimeError: Number of heads in key and value must divide the number of heads in
deepspeed,internvl3-train,model.num_query_groups,5,4,configfuzz;global_repair;native_validator_guided;raw_mutation,rq3-current-deepspeed-e42844449a507ba8,process_group_initialization,RuntimeError: The size of tensor a (<N>) must match the size of tensor b (<N>) at non-singleton dimension <N>
deepspeed,internvl3-train,model.num_query_groups,6,4,configfuzz;global_repair;native_validator_guided;raw_mutation,rq3-current-deepspeed-332633fd438bc6a5,process_group_initialization,RuntimeError: The size of tensor a (<N>) must match the size of tensor b (<N>) at non-singleton dimension <N>
deepspeed,internvl3-train,multimodal.downsample_ratio,-0.5,6,configfuzz;constraint_filter_only;global_repair;native_validator_guided;raw_mutation;static_hard_configfuzz,rq3-current-deepspeed-a882ea02f6ca78cb,process_group_initialization,"RuntimeError: invalid shape dimension -<N> at index <N> of shape [<N>, <N>, -<N>, -<N>]"
deepspeed,internvl3-train,multimodal.downsample_ratio,0.0,6,configfuzz;constraint_filter_only;global_repair;native_validator_guided;raw_mutation;static_hard_configfuzz,rq3-current-deepspeed-d214095602dcdcf2,argument_parsing,ZeroDivisionError: float division by zero
deepspeed,internvl3-train,multimodal.downsample_ratio,0.125,6,configfuzz;constraint_filter_only;global_repair;native_validator_guided;raw_mutation;static_hard_configfuzz,rq3-current-deepspeed-edccd3509a605ed0,process_group_initialization,"RuntimeError: shape '[<N>, <N>, <N>, <N>]' is invalid for input of size <N>"
deepspeed,internvl3-train,multimodal.image_size,56,6,configfuzz;constraint_filter_only;global_repair;native_validator_guided;raw_mutation;static_hard_configfuzz,rq3-current-deepspeed-26f83483a0b07e93,process_group_initialization,"RuntimeError: shape '[<N>, <N>, <N>, <N>]' is invalid for input of size <N>"
deepspeed,internvl3-train,multimodal.image_size,60,6,configfuzz;constraint_filter_only;global_repair;native_validator_guided;raw_mutation;static_hard_configfuzz,rq3-current-deepspeed-0d8ba960cf13dbd2,process_group_initialization,"RuntimeError: shape '[<N>, <N>, <N>, <N>]' is invalid for input of size <N>"
deepspeed,internvl3-train,multimodal.image_size,61,6,configfuzz;constraint_filter_only;global_repair;native_validator_guided;raw_mutation;static_hard_configfuzz,rq3-current-deepspeed-5c1adaeb5fa0abb5,process_group_initialization,"RuntimeError: shape '[<N>, <N>, <N>, <N>]' is invalid for input of size <N>"
deepspeed,internvl3-train,multimodal.num_channels,-1,6,configfuzz;constraint_filter_only;global_repair;native_validator_guided;raw_mutation;static_hard_configfuzz,rq3-current-deepspeed-0c5ab44fd9773c92,argument_parsing,"RuntimeError: Trying to create tensor with negative dimension -<N>: [<N>, -<N>, <N>, <N>]"
deepspeed,internvl3-train,multimodal.num_channels,-5,6,configfuzz;constraint_filter_only;global_repair;native_validator_guided;raw_mutation;static_hard_configfuzz,rq3-current-deepspeed-1255d0bd9767efa0,argument_parsing,"RuntimeError: Trying to create tensor with negative dimension -<N>: [<N>, -<N>, <N>, <N>]"
deepspeed,internvl3-train,multimodal.patch_size,12,6,configfuzz;constraint_filter_only;global_repair;native_validator_guided;raw_mutation;static_hard_configfuzz,rq3-current-deepspeed-da5900749f59dd67,process_group_initialization,"RuntimeError: shape '[<N>, <N>, <N>, <N>]' is invalid for input of size <N>"
deepspeed,internvl3-train,multimodal.patch_size,17,6,configfuzz;constraint_filter_only;global_repair;native_validator_guided;raw_mutation;static_hard_configfuzz,rq3-current-deepspeed-e22a5cc3b73fad80,process_group_initialization,"RuntimeError: shape '[<N>, <N>, <N>, <N>]' is invalid for input of size <N>"
deepspeed,internvl3-train,multimodal.patch_size,18,6,configfuzz;constraint_filter_only;global_repair;native_validator_guided;raw_mutation;static_hard_configfuzz,rq3-current-deepspeed-5b27ef7ce5d4c29b,process_group_initialization,"RuntimeError: shape '[<N>, <N>, <N>, <N>]' is invalid for input of size <N>"
deepspeed,internvl3-train,multimodal.patch_size,19,6,configfuzz;constraint_filter_only;global_repair;native_validator_guided;raw_mutation;static_hard_configfuzz,rq3-current-deepspeed-f30b58ee73c67e7a,process_group_initialization,"RuntimeError: shape '[<N>, <N>, <N>, <N>]' is invalid for input of size <N>"
deepspeed,internvl3-train,multimodal.patch_size,20,6,configfuzz;constraint_filter_only;global_repair;native_validator_guided;raw_mutation;static_hard_configfuzz,rq3-current-deepspeed-c51810bfef7554db,process_group_initialization,"RuntimeError: shape '[<N>, <N>, <N>, <N>]' is invalid for input of size <N>"
deepspeed,internvl3-train,multimodal.vision_num_attention_heads,-4,6,configfuzz;constraint_filter_only;global_repair;native_validator_guided;raw_mutation;static_hard_configfuzz,rq3-current-deepspeed-7bb77b037487d923,process_group_initialization,"RuntimeError: invalid shape dimension -<N> at index <N> of shape [<N>, <N>, -<N>, -<N>]"
deepspeed,internvl3-train,multimodal.vision_num_attention_heads,0,4,configfuzz;global_repair;native_validator_guided;raw_mutation,rq3-current-deepspeed-d0e5ba7f8f6ab8af,argument_parsing,ZeroDivisionError: integer division or modulo by zero
deepspeed,llama2-train,model.ffn_hidden_size,-1,6,configfuzz;constraint_filter_only;global_repair;native_validator_guided;raw_mutation;static_hard_configfuzz,rq3-current-deepspeed-1ae555111e13e0a7,argument_parsing,"RuntimeError: Trying to create tensor with negative dimension -<N>: [-<N>, <N>]"
deepspeed,llama2-train,model.hidden_size,-1,1,global_repair,rq3-current-deepspeed-9e49c1a8e788f3f6,argument_parsing,"RuntimeError: Trying to create tensor with negative dimension -<N>: [<N>, -<N>]"
deepspeed,llama2-train,model.hidden_size,504,6,configfuzz;constraint_filter_only;global_repair;native_validator_guided;raw_mutation;static_hard_configfuzz,rq3-current-deepspeed-50ef016f1cd8252d,process_group_initialization,RuntimeError: The size of tensor a (<N>) must match the size of tensor b (<N>) at non-singleton dimension <N>
deepspeed,llama2-train,model.hidden_size,508,3,configfuzz;global_repair;static_hard_configfuzz,rq3-current-deepspeed-76e11bbace507fe9,process_group_initialization,RuntimeError: The size of tensor a (<N>) must match the size of tensor b (<N>) at non-singleton dimension <N>
deepspeed,llama2-train,model.hidden_size,509,1,global_repair,rq3-current-deepspeed-321a0a891be2729e,process_group_initialization,RuntimeError: The size of tensor a (<N>) must match the size of tensor b (<N>) at non-singleton dimension <N>
deepspeed,llama2-train,model.hidden_size,510,3,configfuzz;global_repair;static_hard_configfuzz,rq3-current-deepspeed-b259d547d8a3716c,process_group_initialization,RuntimeError: The size of tensor a (<N>) must match the size of tensor b (<N>) at non-singleton dimension <N>
deepspeed,llama2-train,model.hidden_size,511,1,global_repair,rq3-current-deepspeed-06463ac68f6d003d,process_group_initialization,RuntimeError: The size of tensor a (<N>) must match the size of tensor b (<N>) at non-singleton dimension <N>
deepspeed,llama2-train,model.hidden_size,513,1,global_repair,rq3-current-deepspeed-87574d1b3482438e,process_group_initialization,RuntimeError: The size of tensor a (<N>) must match the size of tensor b (<N>) at non-singleton dimension <N>
deepspeed,llama2-train,model.hidden_size,514,3,configfuzz;global_repair;static_hard_configfuzz,rq3-current-deepspeed-61528a54e76b14b2,process_group_initialization,RuntimeError: The size of tensor a (<N>) must match the size of tensor b (<N>) at non-singleton dimension <N>
deepspeed,llama2-train,model.hidden_size,515,1,global_repair,rq3-current-deepspeed-4ef590cae9d1376d,process_group_initialization,RuntimeError: The size of tensor a (<N>) must match the size of tensor b (<N>) at non-singleton dimension <N>
deepspeed,llama2-train,model.hidden_size,520,6,configfuzz;constraint_filter_only;global_repair;native_validator_guided;raw_mutation;static_hard_configfuzz,rq3-current-deepspeed-08741390246247ba,process_group_initialization,RuntimeError: The size of tensor a (<N>) must match the size of tensor b (<N>) at non-singleton dimension <N>
deepspeed,llama2-train,model.num_attention_heads,-1,5,configfuzz;global_repair;native_validator_guided;raw_mutation;static_hard_configfuzz,rq3-current-deepspeed-1f01aa831e8d81fd,argument_parsing,"RuntimeError: Trying to create tensor with negative dimension -<N>: [-<N>, <N>]"
deepspeed,llama2-train,model.num_attention_heads,0,4,configfuzz;global_repair;native_validator_guided;raw_mutation,rq3-current-deepspeed-015814cb5e003fbb,argument_parsing,ZeroDivisionError: integer division or modulo by zero
deepspeed,llama2-train,model.num_attention_heads,1,2,native_validator_guided;raw_mutation,rq3-current-deepspeed-54614f765d4cce0f,process_group_initialization,RuntimeError: Number of heads in key and value must divide the number of heads in
deepspeed,llama2-train,model.num_attention_heads,10,3,configfuzz;global_repair;static_hard_configfuzz,rq3-current-deepspeed-23e440e8948ff41a,process_group_initialization,RuntimeError: The size of tensor a (<N>) must match the size of tensor b (<N>) at non-singleton dimension <N>
deepspeed,llama2-train,model.num_attention_heads,11,3,configfuzz;global_repair;static_hard_configfuzz,rq3-current-deepspeed-3e9033f385edfef6,process_group_initialization,RuntimeError: The size of tensor a (<N>) must match the size of tensor b (<N>) at non-singleton dimension <N>
deepspeed,llama2-train,model.num_attention_heads,12,3,configfuzz;global_repair;static_hard_configfuzz,rq3-current-deepspeed-20c7b3c95cbeaf2b,process_group_initialization,RuntimeError: The size of tensor a (<N>) must match the size of tensor b (<N>) at non-singleton dimension <N>
deepspeed,llama2-train,model.num_attention_heads,13,3,configfuzz;global_repair;static_hard_configfuzz,rq3-current-deepspeed-ad1ceb5b69002bc3,process_group_initialization,RuntimeError: The size of tensor a (<N>) must match the size of tensor b (<N>) at non-singleton dimension <N>
deepspeed,llama2-train,model.num_attention_heads,6,3,configfuzz;global_repair;static_hard_configfuzz,rq3-current-deepspeed-6788fced27eee42b,process_group_initialization,RuntimeError: The size of tensor a (<N>) must match the size of tensor b (<N>) at non-singleton dimension <N>
deepspeed,llama2-train,model.num_attention_heads,7,3,configfuzz;global_repair;static_hard_configfuzz,rq3-current-deepspeed-503158f611ee0062,process_group_initialization,RuntimeError: The size of tensor a (<N>) must match the size of tensor b (<N>) at non-singleton dimension <N>
deepspeed,llama2-train,model.num_attention_heads,9,3,configfuzz;global_repair;static_hard_configfuzz,rq3-current-deepspeed-47f48e05eb278439,process_group_initialization,RuntimeError: The size of tensor a (<N>) must match the size of tensor b (<N>) at non-singleton dimension <N>
deepspeed,llama2-train,model.num_query_groups,-1,6,configfuzz;constraint_filter_only;global_repair;native_validator_guided;raw_mutation;static_hard_configfuzz,rq3-current-deepspeed-a1bcfefaca130834,argument_parsing,"RuntimeError: Trying to create tensor with negative dimension -<N>: [-<N>, <N>]"
deepspeed,llama2-train,model.num_query_groups,-2,6,configfuzz;constraint_filter_only;global_repair;native_validator_guided;raw_mutation;static_hard_configfuzz,rq3-current-deepspeed-6970c44a49635ef0,argument_parsing,"RuntimeError: Trying to create tensor with negative dimension -<N>: [-<N>, <N>]"
deepspeed,llama2-train,model.num_query_groups,-6,4,configfuzz;global_repair;native_validator_guided;raw_mutation,rq3-current-deepspeed-bfffc31a24866b59,argument_parsing,"RuntimeError: Trying to create tensor with negative dimension -<N>: [-<N>, <N>]"
deepspeed,llama2-train,model.num_query_groups,0,4,configfuzz;global_repair;native_validator_guided;raw_mutation,rq3-current-deepspeed-c0d133fd6d5deb67,argument_parsing,ZeroDivisionError: integer division or modulo by zero
deepspeed,llama2-train,model.num_query_groups,10,4,configfuzz;global_repair;native_validator_guided;raw_mutation,rq3-current-deepspeed-138e1217676f5a49,process_group_initialization,RuntimeError: Number of heads in key and value must divide the number of heads in
deepspeed,llama2-train,model.num_query_groups,16,2,native_validator_guided;raw_mutation,rq3-current-deepspeed-8ee4287a596e0eed,process_group_initialization,RuntimeError: Number of heads in key and value must divide the number of heads in
deepspeed,llama2-train,model.num_query_groups,3,4,configfuzz;global_repair;native_validator_guided;raw_mutation,rq3-current-deepspeed-1962fc3a87b75f1a,process_group_initialization,RuntimeError: Number of heads in key and value must divide the number of heads in
deepspeed,llama2-train,model.num_query_groups,5,4,configfuzz;global_repair;native_validator_guided;raw_mutation,rq3-current-deepspeed-dc04f74b1e255ed5,process_group_initialization,RuntimeError: Number of heads in key and value must divide the number of heads in
deepspeed,llama2-train,model.num_query_groups,6,4,configfuzz;global_repair;native_validator_guided;raw_mutation,rq3-current-deepspeed-17010afe083b652a,process_group_initialization,RuntimeError: Number of heads in key and value must divide the number of heads in
deepspeed,llama2-train,model.num_query_groups,7,4,configfuzz;global_repair;native_validator_guided;raw_mutation,rq3-current-deepspeed-ecd14623381d976c,process_group_initialization,RuntimeError: Number of heads in key and value must divide the number of heads in
deepspeed,llama2-train,model.num_query_groups,9,4,configfuzz;global_repair;native_validator_guided;raw_mutation,rq3-current-deepspeed-535770c69f3951c0,process_group_initialization,RuntimeError: Number of heads in key and value must divide the number of heads in
deepspeed,llama2-train,model.seq_length,-1,6,configfuzz;constraint_filter_only;global_repair;native_validator_guided;raw_mutation;static_hard_configfuzz,rq3-current-deepspeed-573883cd9f1dc310,process_group_initialization,"RuntimeError: Trying to create tensor with negative dimension -<N>: [<N>, -<N>]"
deepspeed,mixtral-train,model.ffn_hidden_size,-1,6,configfuzz;constraint_filter_only;global_repair;native_validator_guided;raw_mutation;static_hard_configfuzz,rq3-current-deepspeed-405e2b85c4b9c07b,argument_parsing,"RuntimeError: Trying to create tensor with negative dimension -<N>: [<N>, -<N>, <N>]"
deepspeed,mixtral-train,model.hidden_size,-1,4,configfuzz;global_repair;native_validator_guided;raw_mutation,rq3-current-deepspeed-a8e037829d72dcb4,argument_parsing,"RuntimeError: Trying to create tensor with negative dimension -<N>: [<N>, -<N>]"
deepspeed,mixtral-train,model.hidden_size,1,4,configfuzz;global_repair;native_validator_guided;raw_mutation,rq3-current-deepspeed-f98cfffb251ab363,argument_parsing,ZeroDivisionError: <N> cannot be raised to a negative power
deepspeed,mixtral-train,model.hidden_size,504,6,configfuzz;constraint_filter_only;global_repair;native_validator_guided;raw_mutation;static_hard_configfuzz,rq3-current-deepspeed-332d0503e5220efa,process_group_initialization,RuntimeError: The size of tensor a (<N>) must match the size of tensor b (<N>) at non-singleton dimension <N>
deepspeed,mixtral-train,model.hidden_size,508,5,configfuzz;global_repair;native_validator_guided;raw_mutation;static_hard_configfuzz,rq3-current-deepspeed-0513f6258eb26d41,process_group_initialization,RuntimeError: The size of tensor a (<N>) must match the size of tensor b (<N>) at non-singleton dimension <N>
deepspeed,mixtral-train,model.hidden_size,509,4,configfuzz;global_repair;native_validator_guided;raw_mutation,rq3-current-deepspeed-61367e5462b02a0d,process_group_initialization,RuntimeError: The size of tensor a (<N>) must match the size of tensor b (<N>) at non-singleton dimension <N>
deepspeed,mixtral-train,model.hidden_size,510,5,configfuzz;global_repair;native_validator_guided;raw_mutation;static_hard_configfuzz,rq3-current-deepspeed-d41d249a3cab3b1a,process_group_initialization,RuntimeError: The size of tensor a (<N>) must match the size of tensor b (<N>) at non-singleton dimension <N>
deepspeed,mixtral-train,model.hidden_size,511,4,configfuzz;global_repair;native_validator_guided;raw_mutation,rq3-current-deepspeed-181d92ec2ecc4122,process_group_initialization,RuntimeError: The size of tensor a (<N>) must match the size of tensor b (<N>) at non-singleton dimension <N>
deepspeed,mixtral-train,model.hidden_size,514,1,static_hard_configfuzz,rq3-current-deepspeed-d8179de8bb1bd2eb,process_group_initialization,RuntimeError: The size of tensor a (<N>) must match the size of tensor b (<N>) at non-singleton dimension <N>
deepspeed,mixtral-train,model.hidden_size,520,6,configfuzz;constraint_filter_only;global_repair;native_validator_guided;raw_mutation;static_hard_configfuzz,rq3-current-deepspeed-bc2b5539fbe5581a,process_group_initialization,RuntimeError: The size of tensor a (<N>) must match the size of tensor b (<N>) at non-singleton dimension <N>
deepspeed,mixtral-train,model.num_attention_heads,-1,5,configfuzz;global_repair;native_validator_guided;raw_mutation;static_hard_configfuzz,rq3-current-deepspeed-800040da56bf23dc,argument_parsing,"RuntimeError: Trying to create tensor with negative dimension -<N>: [-<N>, <N>]"
deepspeed,mixtral-train,model.num_attention_heads,0,4,configfuzz;global_repair;native_validator_guided;raw_mutation,rq3-current-deepspeed-df0c9f0a66a37359,argument_parsing,ZeroDivisionError: integer division or modulo by zero
deepspeed,mixtral-train,model.num_attention_heads,10,5,configfuzz;global_repair;native_validator_guided;raw_mutation;static_hard_configfuzz,rq3-current-deepspeed-e2f7b7c87bd302bf,process_group_initialization,RuntimeError: The size of tensor a (<N>) must match the size of tensor b (<N>) at non-singleton dimension <N>
deepspeed,mixtral-train,model.num_attention_heads,11,3,native_validator_guided;raw_mutation;static_hard_configfuzz,rq3-current-deepspeed-7b87e14d65650f10,process_group_initialization,RuntimeError: The size of tensor a (<N>) must match the size of tensor b (<N>) at non-singleton dimension <N>
deepspeed,mixtral-train,model.num_attention_heads,12,1,static_hard_configfuzz,rq3-current-deepspeed-77e965664276f33c,process_group_initialization,RuntimeError: The size of tensor a (<N>) must match the size of tensor b (<N>) at non-singleton dimension <N>
deepspeed,mixtral-train,model.num_attention_heads,13,5,configfuzz;global_repair;native_validator_guided;raw_mutation;static_hard_configfuzz,rq3-current-deepspeed-ee2e6efc1bbf1a50,process_group_initialization,RuntimeError: The size of tensor a (<N>) must match the size of tensor b (<N>) at non-singleton dimension <N>
deepspeed,mixtral-train,model.num_attention_heads,15,2,native_validator_guided;raw_mutation,rq3-current-deepspeed-53160b273b58144b,process_group_initialization,RuntimeError: Number of heads in key and value must divide the number of heads in
deepspeed,mixtral-train,model.num_attention_heads,5,2,native_validator_guided;raw_mutation,rq3-current-deepspeed-3bc531881b45e5b8,process_group_initialization,RuntimeError: Number of heads in key and value must divide the number of heads in
deepspeed,mixtral-train,model.num_attention_heads,6,5,configfuzz;global_repair;native_validator_guided;raw_mutation;static_hard_configfuzz,rq3-current-deepspeed-d9c7b6e6a856fd9b,process_group_initialization,RuntimeError: The size of tensor a (<N>) must match the size of tensor b (<N>) at non-singleton dimension <N>
deepspeed,mixtral-train,model.num_attention_heads,7,5,configfuzz;global_repair;native_validator_guided;raw_mutation;static_hard_configfuzz,rq3-current-deepspeed-6084d445b280bfbe,process_group_initialization,RuntimeError: The size of tensor a (<N>) must match the size of tensor b (<N>) at non-singleton dimension <N>
deepspeed,mixtral-train,model.num_attention_heads,9,3,native_validator_guided;raw_mutation;static_hard_configfuzz,rq3-current-deepspeed-99189dd4e5ba7767,process_group_initialization,RuntimeError: The size of tensor a (<N>) must match the size of tensor b (<N>) at non-singleton dimension <N>
deepspeed,mixtral-train,model.num_query_groups,-1,6,configfuzz;constraint_filter_only;global_repair;native_validator_guided;raw_mutation;static_hard_configfuzz,rq3-current-deepspeed-194fcbd17f17d336,argument_parsing,"RuntimeError: Trying to create tensor with negative dimension -<N>: [-<N>, <N>]"
deepspeed,mixtral-train,model.num_query_groups,-2,6,configfuzz;constraint_filter_only;global_repair;native_validator_guided;raw_mutation;static_hard_configfuzz,rq3-current-deepspeed-c06e8c296a7b1f07,argument_parsing,"RuntimeError: Trying to create tensor with negative dimension -<N>: [-<N>, <N>]"
deepspeed,mixtral-train,model.num_query_groups,-6,4,configfuzz;global_repair;native_validator_guided;raw_mutation,rq3-current-deepspeed-94e4bee33e7df07a,argument_parsing,"RuntimeError: Trying to create tensor with negative dimension -<N>: [-<N>, <N>]"
deepspeed,mixtral-train,model.num_query_groups,0,4,configfuzz;global_repair;native_validator_guided;raw_mutation,rq3-current-deepspeed-d5fc4859bfca1899,argument_parsing,ZeroDivisionError: integer division or modulo by zero
deepspeed,mixtral-train,model.num_query_groups,10,4,configfuzz;global_repair;native_validator_guided;raw_mutation,rq3-current-deepspeed-0654e25459f47f69,process_group_initialization,RuntimeError: The size of tensor a (<N>) must match the size of tensor b (<N>) at non-singleton dimension <N>
deepspeed,mixtral-train,model.num_query_groups,16,2,native_validator_guided;raw_mutation,rq3-current-deepspeed-c435bc9710b8211f,process_group_initialization,RuntimeError: Number of heads in key and value must divide the number of heads in
deepspeed,mixtral-train,model.num_query_groups,3,2,native_validator_guided;raw_mutation,rq3-current-deepspeed-3d1bd1a2cc772d74,process_group_initialization,RuntimeError: Number of heads in key and value must divide the number of heads in
deepspeed,mixtral-train,model.num_query_groups,5,4,configfuzz;global_repair;native_validator_guided;raw_mutation,rq3-current-deepspeed-2298e682fc4747ad,process_group_initialization,RuntimeError: The size of tensor a (<N>) must match the size of tensor b (<N>) at non-singleton dimension <N>
deepspeed,mixtral-train,model.num_query_groups,6,4,configfuzz;global_repair;native_validator_guided;raw_mutation,rq3-current-deepspeed-d1cc628a0c4e5c53,process_group_initialization,RuntimeError: The size of tensor a (<N>) must match the size of tensor b (<N>) at non-singleton dimension <N>
deepspeed,mixtral-train,model.num_query_groups,7,4,configfuzz;global_repair;native_validator_guided;raw_mutation,rq3-current-deepspeed-3637bb9f767e428d,process_group_initialization,RuntimeError: The size of tensor a (<N>) must match the size of tensor b (<N>) at non-singleton dimension <N>
deepspeed,mixtral-train,model.seq_length,-1,6,configfuzz;constraint_filter_only;global_repair;native_validator_guided;raw_mutation;static_hard_configfuzz,rq3-current-deepspeed-7aa32f80c08ace1e,process_group_initialization,"RuntimeError: Trying to create tensor with negative dimension -<N>: [<N>, -<N>]"
deepspeed,mixtral-train,moe.moe_router_topk,-1,6,configfuzz;constraint_filter_only;global_repair;native_validator_guided;raw_mutation;static_hard_configfuzz,rq3-current-deepspeed-e12ab6821dad7ee3,process_group_initialization,RuntimeError: selected index k out of range
deepspeed,mixtral-train,moe.moe_router_topk,-2,6,configfuzz;constraint_filter_only;global_repair;native_validator_guided;raw_mutation;static_hard_configfuzz,rq3-current-deepspeed-095d98f1b5128914,process_group_initialization,RuntimeError: selected index k out of range
deepspeed,mixtral-train,moe.moe_router_topk,-6,6,configfuzz;constraint_filter_only;global_repair;native_validator_guided;raw_mutation;static_hard_configfuzz,rq3-current-deepspeed-345f98f8e93ba451,process_group_initialization,RuntimeError: selected index k out of range
deepspeed,mixtral-train,moe.moe_router_topk,10,2,native_validator_guided;raw_mutation,rq3-current-deepspeed-6614697fce7308af,process_group_initialization,RuntimeError: selected index k out of range
deepspeed,mixtral-train,moe.moe_router_topk,16,2,native_validator_guided;raw_mutation,rq3-current-deepspeed-16da75c6ad7a2769,process_group_initialization,RuntimeError: selected index k out of range
deepspeed,mixtral-train,moe.moe_router_topk,5,2,native_validator_guided;raw_mutation,rq3-current-deepspeed-dd9b7c1e86157381,process_group_initialization,RuntimeError: selected index k out of range
deepspeed,mixtral-train,moe.moe_router_topk,6,2,native_validator_guided;raw_mutation,rq3-current-deepspeed-3ba058eb6622d94c,process_group_initialization,RuntimeError: selected index k out of range
deepspeed,mixtral-train,moe.moe_router_topk,7,2,native_validator_guided;raw_mutation,rq3-current-deepspeed-7bcdb6c82e750b2f,process_group_initialization,RuntimeError: selected index k out of range
deepspeed,mixtral-train,moe.num_experts,-1,5,configfuzz;global_repair;native_validator_guided;raw_mutation;static_hard_configfuzz,rq3-current-deepspeed-cf012b8df53255ac,argument_parsing,"RuntimeError: Trying to create tensor with negative dimension -<N>: [-<N>, <N>]"
deepspeed,mixtral-train,moe.num_experts,-4,5,configfuzz;global_repair;native_validator_guided;raw_mutation;static_hard_configfuzz,rq3-current-deepspeed-53adb0df04be87af,argument_parsing,"RuntimeError: Trying to create tensor with negative dimension -<N>: [-<N>, <N>]"
deepspeed,mixtral-train,moe.num_experts,1,2,native_validator_guided;raw_mutation,rq3-current-deepspeed-b9258196282a4477,process_group_initialization,RuntimeError: selected index k out of range
deepspeed,qwen2-train,model.ffn_hidden_size,-1,6,configfuzz;constraint_filter_only;global_repair;native_validator_guided;raw_mutation;static_hard_configfuzz,rq3-current-deepspeed-1b5406f5caf6f298,argument_parsing,"RuntimeError: Trying to create tensor with negative dimension -<N>: [-<N>, <N>]"
deepspeed,qwen2-train,model.hidden_size,-1,4,configfuzz;global_repair;native_validator_guided;raw_mutation,rq3-current-deepspeed-182db525c3aba400,argument_parsing,"RuntimeError: Trying to create tensor with negative dimension -<N>: [<N>, -<N>]"
deepspeed,qwen2-train,model.hidden_size,1,4,configfuzz;global_repair;native_validator_guided;raw_mutation,rq3-current-deepspeed-c1d446388a822128,argument_parsing,ZeroDivisionError: <N> cannot be raised to a negative power
deepspeed,qwen2-train,model.hidden_size,2,4,configfuzz;global_repair;native_validator_guided;raw_mutation,rq3-current-deepspeed-8ce59fd58ccdf1d8,argument_parsing,ZeroDivisionError: <N> cannot be raised to a negative power
deepspeed,qwen2-train,model.hidden_size,4,4,configfuzz;global_repair;native_validator_guided;raw_mutation,rq3-current-deepspeed-c179c63828eddb66,argument_parsing,ZeroDivisionError: <N> cannot be raised to a negative power
deepspeed,qwen2-train,model.hidden_size,504,6,configfuzz;constraint_filter_only;global_repair;native_validator_guided;raw_mutation;static_hard_configfuzz,rq3-current-deepspeed-76b7536cfe8cb888,process_group_initialization,RuntimeError: The size of tensor a (<N>) must match the size of tensor b (<N>) at non-singleton dimension <N>
deepspeed,qwen2-train,model.hidden_size,508,5,configfuzz;global_repair;native_validator_guided;raw_mutation;static_hard_configfuzz,rq3-current-deepspeed-546e82da4015611d,process_group_initialization,RuntimeError: The size of tensor a (<N>) must match the size of tensor b (<N>) at non-singleton dimension <N>
deepspeed,qwen2-train,model.hidden_size,509,4,configfuzz;global_repair;native_validator_guided;raw_mutation,rq3-current-deepspeed-b4c2d2ca0b46a90c,process_group_initialization,RuntimeError: The size of tensor a (<N>) must match the size of tensor b (<N>) at non-singleton dimension <N>
deepspeed,qwen2-train,model.hidden_size,510,5,configfuzz;global_repair;native_validator_guided;raw_mutation;static_hard_configfuzz,rq3-current-deepspeed-9dde8002412bd93a,process_group_initialization,RuntimeError: The size of tensor a (<N>) must match the size of tensor b (<N>) at non-singleton dimension <N>
deepspeed,qwen2-train,model.hidden_size,511,4,configfuzz;global_repair;native_validator_guided;raw_mutation,rq3-current-deepspeed-68fb252ca7d1ec36,process_group_initialization,RuntimeError: The size of tensor a (<N>) must match the size of tensor b (<N>) at non-singleton dimension <N>
deepspeed,qwen2-train,model.hidden_size,514,1,static_hard_configfuzz,rq3-current-deepspeed-e3d3c03b1f612bec,process_group_initialization,RuntimeError: The size of tensor a (<N>) must match the size of tensor b (<N>) at non-singleton dimension <N>
deepspeed,qwen2-train,model.hidden_size,520,6,configfuzz;constraint_filter_only;global_repair;native_validator_guided;raw_mutation;static_hard_configfuzz,rq3-current-deepspeed-1fe7d420969891de,process_group_initialization,RuntimeError: The size of tensor a (<N>) must match the size of tensor b (<N>) at non-singleton dimension <N>
deepspeed,qwen2-train,model.num_attention_heads,-1,5,configfuzz;global_repair;native_validator_guided;raw_mutation;static_hard_configfuzz,rq3-current-deepspeed-a94dc5b7b5f6e26e,argument_parsing,"RuntimeError: Trying to create tensor with negative dimension -<N>: [-<N>, <N>]"
deepspeed,qwen2-train,model.num_attention_heads,0,4,configfuzz;global_repair;native_validator_guided;raw_mutation,rq3-current-deepspeed-63aaeb0aa813b912,argument_parsing,ZeroDivisionError: integer division or modulo by zero
deepspeed,qwen2-train,model.num_attention_heads,1,2,native_validator_guided;raw_mutation,rq3-current-deepspeed-04151a06f4fd388a,process_group_initialization,RuntimeError: Number of heads in key and value must divide the number of heads in
deepspeed,qwen2-train,model.num_attention_heads,10,5,configfuzz;global_repair;native_validator_guided;raw_mutation;static_hard_configfuzz,rq3-current-deepspeed-9986fb8794e6d91d,process_group_initialization,RuntimeError: The size of tensor a (<N>) must match the size of tensor b (<N>) at non-singleton dimension <N>
deepspeed,qwen2-train,model.num_attention_heads,11,3,native_validator_guided;raw_mutation;static_hard_configfuzz,rq3-current-deepspeed-7f57ee3909c1e6ec,process_group_initialization,RuntimeError: The size of tensor a (<N>) must match the size of tensor b (<N>) at non-singleton dimension <N>
deepspeed,qwen2-train,model.num_attention_heads,12,1,static_hard_configfuzz,rq3-current-deepspeed-656ddd97a75db64b,process_group_initialization,RuntimeError: The size of tensor a (<N>) must match the size of tensor b (<N>) at non-singleton dimension <N>
deepspeed,qwen2-train,model.num_attention_heads,13,5,configfuzz;global_repair;native_validator_guided;raw_mutation;static_hard_configfuzz,rq3-current-deepspeed-db95b1963ef103c5,process_group_initialization,RuntimeError: The size of tensor a (<N>) must match the size of tensor b (<N>) at non-singleton dimension <N>
deepspeed,qwen2-train,model.num_attention_heads,15,2,native_validator_guided;raw_mutation,rq3-current-deepspeed-c56f873ecf3ad011,process_group_initialization,RuntimeError: Number of heads in key and value must divide the number of heads in
deepspeed,qwen2-train,model.num_attention_heads,17,2,native_validator_guided;raw_mutation,rq3-current-deepspeed-bc540d66f14368ee,process_group_initialization,RuntimeError: Number of heads in key and value must divide the number of heads in
deepspeed,qwen2-train,model.num_attention_heads,5,2,native_validator_guided;raw_mutation,rq3-current-deepspeed-739549475d2443df,process_group_initialization,RuntimeError: Number of heads in key and value must divide the number of heads in
deepspeed,qwen2-train,model.num_attention_heads,6,5,configfuzz;global_repair;native_validator_guided;raw_mutation;static_hard_configfuzz,rq3-current-deepspeed-f7ad03670215dcdc,process_group_initialization,RuntimeError: The size of tensor a (<N>) must match the size of tensor b (<N>) at non-singleton dimension <N>
deepspeed,qwen2-train,model.num_attention_heads,7,5,configfuzz;global_repair;native_validator_guided;raw_mutation;static_hard_configfuzz,rq3-current-deepspeed-8e4226cd602aff2b,process_group_initialization,RuntimeError: The size of tensor a (<N>) must match the size of tensor b (<N>) at non-singleton dimension <N>
deepspeed,qwen2-train,model.num_attention_heads,9,3,native_validator_guided;raw_mutation;static_hard_configfuzz,rq3-current-deepspeed-9c9b12a8c3a36261,process_group_initialization,RuntimeError: The size of tensor a (<N>) must match the size of tensor b (<N>) at non-singleton dimension <N>
deepspeed,qwen2-train,model.num_query_groups,-1,6,configfuzz;constraint_filter_only;global_repair;native_validator_guided;raw_mutation;static_hard_configfuzz,rq3-current-deepspeed-022056cf121ae363,argument_parsing,"RuntimeError: Trying to create tensor with negative dimension -<N>: [-<N>, <N>]"
deepspeed,qwen2-train,model.num_query_groups,-2,6,configfuzz;constraint_filter_only;global_repair;native_validator_guided;raw_mutation;static_hard_configfuzz,rq3-current-deepspeed-3464404be83c4839,argument_parsing,"RuntimeError: Trying to create tensor with negative dimension -<N>: [-<N>, <N>]"
deepspeed,qwen2-train,model.num_query_groups,-6,4,configfuzz;global_repair;native_validator_guided;raw_mutation,rq3-current-deepspeed-1bd0df6a9c77d65e,argument_parsing,"RuntimeError: Trying to create tensor with negative dimension -<N>: [-<N>, <N>]"
deepspeed,qwen2-train,model.num_query_groups,0,4,configfuzz;global_repair;native_validator_guided;raw_mutation,rq3-current-deepspeed-8c7d5a4f81df20e8,argument_parsing,ZeroDivisionError: integer division or modulo by zero
deepspeed,qwen2-train,model.num_query_groups,10,4,configfuzz;global_repair;native_validator_guided;raw_mutation,rq3-current-deepspeed-679a21c778d2565e,process_group_initialization,RuntimeError: The size of tensor a (<N>) must match the size of tensor b (<N>) at non-singleton dimension <N>
deepspeed,qwen2-train,model.num_query_groups,16,2,native_validator_guided;raw_mutation,rq3-current-deepspeed-7120b7de2214838a,process_group_initialization,RuntimeError: Number of heads in key and value must divide the number of heads in
deepspeed,qwen2-train,model.num_query_groups,3,2,native_validator_guided;raw_mutation,rq3-current-deepspeed-426d8fe8b2730d8d,process_group_initialization,RuntimeError: Number of heads in key and value must divide the number of heads in
deepspeed,qwen2-train,model.num_query_groups,5,4,configfuzz;global_repair;native_validator_guided;raw_mutation,rq3-current-deepspeed-aa0a2199579538ed,process_group_initialization,RuntimeError: The size of tensor a (<N>) must match the size of tensor b (<N>) at non-singleton dimension <N>
deepspeed,qwen2-train,model.num_query_groups,6,4,configfuzz;global_repair;native_validator_guided;raw_mutation,rq3-current-deepspeed-4d262333120f1160,process_group_initialization,RuntimeError: The size of tensor a (<N>) must match the size of tensor b (<N>) at non-singleton dimension <N>
deepspeed,qwen2-train,model.num_query_groups,7,4,configfuzz;global_repair;native_validator_guided;raw_mutation,rq3-current-deepspeed-69ef989c9fdbe315,process_group_initialization,RuntimeError: The size of tensor a (<N>) must match the size of tensor b (<N>) at non-singleton dimension <N>
deepspeed,qwen2-train,model.num_query_groups,9,2,native_validator_guided;raw_mutation,rq3-current-deepspeed-5b0dbc89796b977d,process_group_initialization,RuntimeError: Number of heads in key and value must divide the number of heads in
deepspeed,qwen2-train,model.seq_length,-1,6,configfuzz;constraint_filter_only;global_repair;native_validator_guided;raw_mutation;static_hard_configfuzz,rq3-current-deepspeed-7953a6fddd4076d9,process_group_initialization,"RuntimeError: Trying to create tensor with negative dimension -<N>: [<N>, -<N>]"
deepspeed,qwen2-train,model.vocab_size,-1,6,configfuzz;constraint_filter_only;global_repair;native_validator_guided;raw_mutation;static_hard_configfuzz,rq3-current-deepspeed-323ffcfdf28e67e2,argument_parsing,"RuntimeError: Trying to create tensor with negative dimension -<N>: [-<N>, <N>]"
deepspeed,qwen2-train,model.vocab_size,1,6,configfuzz;constraint_filter_only;global_repair;native_validator_guided;raw_mutation;static_hard_configfuzz,rq3-current-deepspeed-9caedb7132465d5f,process_group_initialization,"RuntimeError: random_ expects 'from' to be less than 'to', but got from=<N> >= to=<N>"
deepspeed,qwen2-train,model.vocab_size,2,6,configfuzz;constraint_filter_only;global_repair;native_validator_guided;raw_mutation;static_hard_configfuzz,rq3-current-deepspeed-fb060b606575547e,process_group_initialization,"RuntimeError: random_ expects 'from' to be less than 'to', but got from=<N> >= to=<N>"
megatron-core,llama2-train,model.ffn_hidden_size,-1,5,configfuzz;global_repair;native_validator_guided;raw_mutation;static_hard_configfuzz,rq3-current-megatron-core-7e279acd35704944,process_group_initialization,"RuntimeError: Trying to create tensor with negative dimension -<N>: [-<N>, <N>] when instantiating TransformerLayer"
megatron-core,llama2-train,model.hidden_size,-1,1,global_repair,rq3-current-megatron-core-38b74f93cf2eeb31,process_group_initialization,"RuntimeError: Trying to create tensor with negative dimension -<N>: [<N>, -<N>]"
megatron-core,llama2-train,model.num_attention_heads,0,4,configfuzz;global_repair;native_validator_guided;raw_mutation,rq3-current-megatron-core-04576b461889fc93,argument_parsing,ZeroDivisionError: integer modulo by zero
megatron-core,llama2-train,model.num_attention_heads,1,2,native_validator_guided;raw_mutation,rq3-current-megatron-core-0af9f13e5aac9408,process_group_initialization,"RuntimeError: shape '[<N>, <N>, <N>, <N>]' is invalid for input of size <N>"
megatron-core,llama2-train,model.num_layers,0,4,configfuzz;global_repair;native_validator_guided;raw_mutation,rq3-current-megatron-core-6303853457e4a7ba,process_group_initialization,ZeroDivisionError: float division by zero
megatron-core,llama2-train,model.num_query_groups,-1,4,configfuzz;global_repair;native_validator_guided;raw_mutation,rq3-current-megatron-core-bb948b3ff6fa5043,process_group_initialization,"RuntimeError: invalid shape dimension -<N> at index <N> of shape [<N>, <N>, <N>, -<N>]"
megatron-core,llama2-train,model.num_query_groups,-2,4,configfuzz;global_repair;native_validator_guided;raw_mutation,rq3-current-megatron-core-a35b2628e99a5b32,process_group_initialization,"RuntimeError: invalid shape dimension -<N> at index <N> of shape [<N>, <N>, <N>, -<N>]"
megatron-core,llama2-train,model.num_query_groups,-6,1,global_repair,rq3-current-megatron-core-574d03f472727b9e,process_group_initialization,"RuntimeError: Trying to create tensor with negative dimension -<N>: [-<N>, <N>] when instantiating SelfAttention when instantiating TransformerLayer"
megatron-core,llama2-train,model.num_query_groups,0,4,configfuzz;global_repair;native_validator_guided;raw_mutation,rq3-current-megatron-core-358cde75506ac7b9,process_group_initialization,ZeroDivisionError: integer modulo by zero when instantiating SelfAttention when instantiating TransformerLayer
megatron-core,llama2-train,model.num_query_groups,10,3,configfuzz;native_validator_guided;raw_mutation,rq3-current-megatron-core-cc417d622c1be530,process_group_initialization,"RuntimeError: shape '[<N>, <N>, <N>, <N>]' is invalid for input of size <N>"
megatron-core,llama2-train,model.num_query_groups,16,2,native_validator_guided;raw_mutation,rq3-current-megatron-core-2cf31484b8c3c670,process_group_initialization,"RuntimeError: shape '[<N>, <N>, <N>, <N>]' is invalid for input of size <N>"
megatron-core,llama2-train,model.num_query_groups,3,3,configfuzz;native_validator_guided;raw_mutation,rq3-current-megatron-core-913bd2863ade6828,process_group_initialization,"RuntimeError: shape '[<N>, <N>, <N>, <N>]' is invalid for input of size <N>"
megatron-core,llama2-train,model.num_query_groups,5,3,configfuzz;native_validator_guided;raw_mutation,rq3-current-megatron-core-d5b3259357f046a5,process_group_initialization,"RuntimeError: shape '[<N>, <N>, <N>, <N>]' is invalid for input of size <N>"
megatron-core,llama2-train,model.num_query_groups,6,3,configfuzz;native_validator_guided;raw_mutation,rq3-current-megatron-core-22394b928eb846c5,process_group_initialization,"RuntimeError: shape '[<N>, <N>, <N>, <N>]' is invalid for input of size <N>"
megatron-core,llama2-train,model.num_query_groups,7,3,configfuzz;native_validator_guided;raw_mutation,rq3-current-megatron-core-fa726d95eae9d272,process_group_initialization,"RuntimeError: shape '[<N>, <N>, <N>, <N>]' is invalid for input of size <N>"
megatron-core,llama2-train,model.num_query_groups,9,3,configfuzz;native_validator_guided;raw_mutation,rq3-current-megatron-core-3f6ee04870b45fbe,process_group_initialization,"RuntimeError: shape '[<N>, <N>, <N>, <N>]' is invalid for input of size <N>"
megatron-core,llama2-train,model.seq_length,-1,6,configfuzz;constraint_filter_only;global_repair;native_validator_guided;raw_mutation;static_hard_configfuzz,rq3-current-megatron-core-ef19a65cd10a9a74,process_group_initialization,RuntimeError: upper bound and lower bound inconsistent with step sign
megatron-core,llama2-train,model.vocab_size,-1,6,configfuzz;constraint_filter_only;global_repair;native_validator_guided;raw_mutation;static_hard_configfuzz,rq3-current-megatron-core-613a47c42d4678cc,process_group_initialization,"RuntimeError: Trying to create tensor with negative dimension -<N>: [-<N>, <N>]"
megatron-core,llama2-train,precision.bf16,false,5,configfuzz;global_repair;native_validator_guided;raw_mutation;static_hard_configfuzz,rq3-current-megatron-core-95ef256caeb03a0f,forward,"RuntimeError: Output <N> of _GatherFromModelParallelRegion is a view and its base or another view of its base has been modified inplace. This view was created inside a custom Function (or because an input was returned as-is) and the autograd logic to handle view+inplace would override the custom backward associated with the custom Function, leading to incorrect gradients. This behavior is forbidden. You can fix this by cloning the output of the custom Function."
megatron-core,mixtral-train,model.ffn_hidden_size,-1,5,configfuzz;global_repair;native_validator_guided;raw_mutation;static_hard_configfuzz,rq3-current-megatron-core-9d6c127afcee5c5f,process_group_initialization,"RuntimeError: Trying to create tensor with negative dimension -<N>: [-<N>, <N>] when instantiating TransformerLayer"
megatron-core,mixtral-train,model.num_attention_heads,0,4,configfuzz;global_repair;native_validator_guided;raw_mutation,rq3-current-megatron-core-1cc4dc7cf16eb087,argument_parsing,ZeroDivisionError: integer modulo by zero
megatron-core,mixtral-train,model.num_layers,0,4,configfuzz;global_repair;native_validator_guided;raw_mutation,rq3-current-megatron-core-078d991a52238604,process_group_initialization,ZeroDivisionError: float division by zero
megatron-core,mixtral-train,model.num_query_groups,-1,4,configfuzz;global_repair;native_validator_guided;raw_mutation,rq3-current-megatron-core-9e5041d56232daa4,process_group_initialization,"RuntimeError: invalid shape dimension -<N> at index <N> of shape [<N>, <N>, <N>, -<N>]"
megatron-core,mixtral-train,model.num_query_groups,-2,4,configfuzz;global_repair;native_validator_guided;raw_mutation,rq3-current-megatron-core-51014dc6cb9d65f2,process_group_initialization,"RuntimeError: invalid shape dimension -<N> at index <N> of shape [<N>, <N>, <N>, -<N>]"
megatron-core,mixtral-train,model.num_query_groups,0,4,configfuzz;global_repair;native_validator_guided;raw_mutation,rq3-current-megatron-core-8c8e8f64fe71c071,process_group_initialization,ZeroDivisionError: integer modulo by zero when instantiating SelfAttention when instantiating TransformerLayer
megatron-core,mixtral-train,model.num_query_groups,10,2,native_validator_guided;raw_mutation,rq3-current-megatron-core-653086ddb0c9b3e6,process_group_initialization,"RuntimeError: shape '[<N>, <N>, <N>, <N>]' is invalid for input of size <N>"
megatron-core,mixtral-train,model.num_query_groups,16,2,native_validator_guided;raw_mutation,rq3-current-megatron-core-c3ca1996d5254cd7,process_group_initialization,"RuntimeError: shape '[<N>, <N>, <N>, <N>]' is invalid for input of size <N>"
megatron-core,mixtral-train,model.num_query_groups,3,2,native_validator_guided;raw_mutation,rq3-current-megatron-core-2ed8591226fd488f,process_group_initialization,"RuntimeError: shape '[<N>, <N>, <N>, <N>]' is invalid for input of size <N>"
megatron-core,mixtral-train,model.num_query_groups,5,2,native_validator_guided;raw_mutation,rq3-current-megatron-core-89fdbfb399dd4086,process_group_initialization,"RuntimeError: shape '[<N>, <N>, <N>, <N>]' is invalid for input of size <N>"
megatron-core,mixtral-train,model.num_query_groups,6,2,native_validator_guided;raw_mutation,rq3-current-megatron-core-94735d9600e322ea,process_group_initialization,"RuntimeError: shape '[<N>, <N>, <N>, <N>]' is invalid for input of size <N>"
megatron-core,mixtral-train,model.num_query_groups,7,2,native_validator_guided;raw_mutation,rq3-current-megatron-core-7b3e8226f3fbe4cd,process_group_initialization,"RuntimeError: shape '[<N>, <N>, <N>, <N>]' is invalid for input of size <N>"
megatron-core,mixtral-train,model.seq_length,-1,6,configfuzz;constraint_filter_only;global_repair;native_validator_guided;raw_mutation;static_hard_configfuzz,rq3-current-megatron-core-ff379afd0d90c295,process_group_initialization,RuntimeError: upper bound and lower bound inconsistent with step sign
megatron-core,mixtral-train,model.vocab_size,-1,6,configfuzz;constraint_filter_only;global_repair;native_validator_guided;raw_mutation;static_hard_configfuzz,rq3-current-megatron-core-237a8422bef38e3e,process_group_initialization,"RuntimeError: Trying to create tensor with negative dimension -<N>: [-<N>, <N>]"
megatron-core,mixtral-train,moe.moe_router_topk,-1,6,configfuzz;constraint_filter_only;global_repair;native_validator_guided;raw_mutation;static_hard_configfuzz,rq3-current-megatron-core-fe9995d9cfc93d4f,process_group_initialization,RuntimeError: selected index k out of range
megatron-core,mixtral-train,moe.moe_router_topk,-2,6,configfuzz;constraint_filter_only;global_repair;native_validator_guided;raw_mutation;static_hard_configfuzz,rq3-current-megatron-core-407e6f9450ab03c7,process_group_initialization,RuntimeError: selected index k out of range
megatron-core,mixtral-train,moe.moe_router_topk,-6,6,configfuzz;constraint_filter_only;global_repair;native_validator_guided;raw_mutation;static_hard_configfuzz,rq3-current-megatron-core-35d1960d095e5d0d,process_group_initialization,RuntimeError: selected index k out of range
megatron-core,mixtral-train,moe.moe_router_topk,10,2,native_validator_guided;raw_mutation,rq3-current-megatron-core-0644f0a8e2b6a85e,process_group_initialization,RuntimeError: selected index k out of range
megatron-core,mixtral-train,moe.moe_router_topk,16,2,native_validator_guided;raw_mutation,rq3-current-megatron-core-972372fbe72f759d,process_group_initialization,RuntimeError: selected index k out of range
megatron-core,mixtral-train,moe.moe_router_topk,5,2,native_validator_guided;raw_mutation,rq3-current-megatron-core-a1d48a5e22eb5025,process_group_initialization,RuntimeError: selected index k out of range
megatron-core,mixtral-train,moe.moe_router_topk,6,2,native_validator_guided;raw_mutation,rq3-current-megatron-core-f0eee6db9298f18d,process_group_initialization,RuntimeError: selected index k out of range
megatron-core,mixtral-train,moe.moe_router_topk,7,2,native_validator_guided;raw_mutation,rq3-current-megatron-core-bc5e523a5e3a42c6,process_group_initialization,RuntimeError: selected index k out of range
megatron-core,mixtral-train,moe.num_experts,1,2,native_validator_guided;raw_mutation,rq3-current-megatron-core-1dc5e9b31b6655ca,process_group_initialization,RuntimeError: selected index k out of range
megatron-core,mixtral-train,precision.bf16,false,5,configfuzz;global_repair;native_validator_guided;raw_mutation;static_hard_configfuzz,rq3-current-megatron-core-fab482dd856390ff,forward,"RuntimeError: Output <N> of _GatherFromModelParallelRegion is a view and its base or another view of its base has been modified inplace. This view was created inside a custom Function (or because an input was returned as-is) and the autograd logic to handle view+inplace would override the custom backward associated with the custom Function, leading to incorrect gradients. This behavior is forbidden. You can fix this by cloning the output of the custom Function."
megatron-core,qwen2-train,model.ffn_hidden_size,-1,5,configfuzz;global_repair;native_validator_guided;raw_mutation;static_hard_configfuzz,rq3-current-megatron-core-56cb520458a7d088,process_group_initialization,"RuntimeError: Trying to create tensor with negative dimension -<N>: [-<N>, <N>] when instantiating TransformerLayer"
megatron-core,qwen2-train,model.num_attention_heads,0,4,configfuzz;global_repair;native_validator_guided;raw_mutation,rq3-current-megatron-core-db4b8be611cb7dc0,argument_parsing,ZeroDivisionError: integer modulo by zero
megatron-core,qwen2-train,model.num_attention_heads,1,2,native_validator_guided;raw_mutation,rq3-current-megatron-core-2fa39fdd71f0e27f,process_group_initialization,"RuntimeError: shape '[<N>, <N>, <N>, <N>]' is invalid for input of size <N>"
megatron-core,qwen2-train,model.num_layers,0,4,configfuzz;global_repair;native_validator_guided;raw_mutation,rq3-current-megatron-core-163db15e7921b659,process_group_initialization,ZeroDivisionError: float division by zero
megatron-core,qwen2-train,model.num_query_groups,-1,4,configfuzz;global_repair;native_validator_guided;raw_mutation,rq3-current-megatron-core-a0edf5ce3ef38be6,process_group_initialization,"RuntimeError: invalid shape dimension -<N> at index <N> of shape [<N>, <N>, <N>, -<N>]"
megatron-core,qwen2-train,model.num_query_groups,-2,4,configfuzz;global_repair;native_validator_guided;raw_mutation,rq3-current-megatron-core-0b5653d48b52a96e,process_group_initialization,"RuntimeError: invalid shape dimension -<N> at index <N> of shape [<N>, <N>, <N>, -<N>]"
megatron-core,qwen2-train,model.num_query_groups,0,4,configfuzz;global_repair;native_validator_guided;raw_mutation,rq3-current-megatron-core-5a168ee7c6a860a5,process_group_initialization,ZeroDivisionError: integer modulo by zero when instantiating SelfAttention when instantiating TransformerLayer
megatron-core,qwen2-train,model.num_query_groups,10,2,native_validator_guided;raw_mutation,rq3-current-megatron-core-e8284b2f15130f2f,process_group_initialization,"RuntimeError: shape '[<N>, <N>, <N>, <N>]' is invalid for input of size <N>"
megatron-core,qwen2-train,model.num_query_groups,16,2,native_validator_guided;raw_mutation,rq3-current-megatron-core-15a91a220be797bb,process_group_initialization,"RuntimeError: shape '[<N>, <N>, <N>, <N>]' is invalid for input of size <N>"
megatron-core,qwen2-train,model.num_query_groups,3,2,native_validator_guided;raw_mutation,rq3-current-megatron-core-a84a554e9977fa16,process_group_initialization,"RuntimeError: shape '[<N>, <N>, <N>, <N>]' is invalid for input of size <N>"
megatron-core,qwen2-train,model.num_query_groups,5,2,native_validator_guided;raw_mutation,rq3-current-megatron-core-af5b1dbf0a7ae855,process_group_initialization,"RuntimeError: shape '[<N>, <N>, <N>, <N>]' is invalid for input of size <N>"
megatron-core,qwen2-train,model.num_query_groups,6,2,native_validator_guided;raw_mutation,rq3-current-megatron-core-d84c654ac95d5c09,process_group_initialization,"RuntimeError: shape '[<N>, <N>, <N>, <N>]' is invalid for input of size <N>"
megatron-core,qwen2-train,model.num_query_groups,7,2,native_validator_guided;raw_mutation,rq3-current-megatron-core-5c523693ba0a3513,process_group_initialization,"RuntimeError: shape '[<N>, <N>, <N>, <N>]' is invalid for input of size <N>"
megatron-core,qwen2-train,model.num_query_groups,9,2,native_validator_guided;raw_mutation,rq3-current-megatron-core-ef8dddd92608065e,process_group_initialization,"RuntimeError: shape '[<N>, <N>, <N>, <N>]' is invalid for input of size <N>"
megatron-core,qwen2-train,model.seq_length,-1,6,configfuzz;constraint_filter_only;global_repair;native_validator_guided;raw_mutation;static_hard_configfuzz,rq3-current-megatron-core-2db70ef4c5e4d25b,process_group_initialization,RuntimeError: upper bound and lower bound inconsistent with step sign
megatron-core,qwen2-train,model.vocab_size,-1,6,configfuzz;constraint_filter_only;global_repair;native_validator_guided;raw_mutation;static_hard_configfuzz,rq3-current-megatron-core-1bb186fb41b80c44,process_group_initialization,"RuntimeError: Trying to create tensor with negative dimension -<N>: [-<N>, <N>]"
megatron-core,qwen2-train,precision.bf16,false,5,configfuzz;global_repair;native_validator_guided;raw_mutation;static_hard_configfuzz,rq3-current-megatron-core-c771a845fa2dbcae,forward,"RuntimeError: Output <N> of _GatherFromModelParallelRegion is a view and its base or another view of its base has been modified inplace. This view was created inside a custom Function (or because an input was returned as-is) and the autograd logic to handle view+inplace would override the custom backward associated with the custom Function, leading to incorrect gradients. This behavior is forbidden. You can fix this by cloning the output of the custom Function."
pytorch-cuda,chatglm3-train,model.attention_dropout,1.0,6,configfuzz;constraint_filter_only;global_repair;native_validator_guided;raw_mutation;static_hard_configfuzz,rq3-current-pytorch-cuda-a6e8153e34018a1c,process_group_initialization,"RuntimeError: Expected p_dropout < <N>.f to be true, but got false. (Could this error message be improved? If so, please report an enhancement request to PyTorch.)"
pytorch-cuda,chatglm3-train,model.attention_dropout,1.000001,6,configfuzz;constraint_filter_only;global_repair;native_validator_guided;raw_mutation;static_hard_configfuzz,rq3-current-pytorch-cuda-7e804ed584787299,process_group_initialization,"RuntimeError: Expected p_dropout < <N>.f to be true, but got false. (Could this error message be improved? If so, please report an enhancement request to PyTorch.)"
pytorch-cuda,chatglm3-train,model.ffn_hidden_size,-1,6,configfuzz;constraint_filter_only;global_repair;native_validator_guided;raw_mutation;static_hard_configfuzz,rq3-current-pytorch-cuda-b89a59dab5cdd26c,process_group_initialization,"RuntimeError: Trying to create tensor with negative dimension -<N>: [-<N>, <N>]"
pytorch-cuda,chatglm3-train,model.hidden_size,-1,4,configfuzz;global_repair;native_validator_guided;raw_mutation,rq3-current-pytorch-cuda-6f6e8de26d842608,process_group_initialization,"RuntimeError: Trying to create tensor with negative dimension -<N>: [<N>, -<N>]"
pytorch-cuda,chatglm3-train,model.hidden_size,1,4,configfuzz;global_repair;native_validator_guided;raw_mutation,rq3-current-pytorch-cuda-02c622ab834dac14,process_group_initialization,ZeroDivisionError: <N> cannot be raised to a negative power
pytorch-cuda,chatglm3-train,model.hidden_size,2,4,configfuzz;global_repair;native_validator_guided;raw_mutation,rq3-current-pytorch-cuda-a63b0749d734e034,process_group_initialization,ZeroDivisionError: <N> cannot be raised to a negative power
pytorch-cuda,chatglm3-train,model.num_attention_heads,-1,5,configfuzz;global_repair;native_validator_guided;raw_mutation;static_hard_configfuzz,rq3-current-pytorch-cuda-0f0a10189e1445e5,process_group_initialization,"RuntimeError: Trying to create tensor with negative dimension -<N>: [-<N>, <N>]"
pytorch-cuda,chatglm3-train,model.num_attention_heads,0,4,configfuzz;global_repair;native_validator_guided;raw_mutation,rq3-current-pytorch-cuda-1c4ea803f9f065d3,process_group_initialization,ZeroDivisionError: integer division or modulo by zero
pytorch-cuda,chatglm3-train,model.num_attention_heads,11,2,native_validator_guided;raw_mutation,rq3-current-pytorch-cuda-afa6ef30998f0d48,process_group_initialization,RuntimeError: Number of heads in key and value must divide the number of heads in
pytorch-cuda,chatglm3-train,model.num_attention_heads,13,2,native_validator_guided;raw_mutation,rq3-current-pytorch-cuda-feaa3e1cd62a939e,process_group_initialization,RuntimeError: Number of heads in key and value must divide the number of heads in
pytorch-cuda,chatglm3-train,model.num_attention_heads,15,2,native_validator_guided;raw_mutation,rq3-current-pytorch-cuda-965d221b5d04ab7c,process_group_initialization,RuntimeError: Number of heads in key and value must divide the number of heads in
pytorch-cuda,chatglm3-train,model.num_attention_heads,17,2,native_validator_guided;raw_mutation,rq3-current-pytorch-cuda-6274abbc39ae7085,process_group_initialization,RuntimeError: Number of heads in key and value must divide the number of heads in
pytorch-cuda,chatglm3-train,model.num_attention_heads,5,2,native_validator_guided;raw_mutation,rq3-current-pytorch-cuda-953c9015a039b27b,process_group_initialization,RuntimeError: Number of heads in key and value must divide the number of heads in
pytorch-cuda,chatglm3-train,model.num_attention_heads,7,2,native_validator_guided;raw_mutation,rq3-current-pytorch-cuda-60eb44de64c801ff,process_group_initialization,RuntimeError: Number of heads in key and value must divide the number of heads in
pytorch-cuda,chatglm3-train,model.num_attention_heads,9,2,native_validator_guided;raw_mutation,rq3-current-pytorch-cuda-b85a476d2fe91bb1,process_group_initialization,RuntimeError: Number of heads in key and value must divide the number of heads in
pytorch-cuda,chatglm3-train,model.num_query_groups,-1,6,configfuzz;constraint_filter_only;global_repair;native_validator_guided;raw_mutation;static_hard_configfuzz,rq3-current-pytorch-cuda-d00dd57fcbca5ad6,process_group_initialization,"RuntimeError: Trying to create tensor with negative dimension -<N>: [-<N>, <N>]"
pytorch-cuda,chatglm3-train,model.num_query_groups,-2,6,configfuzz;constraint_filter_only;global_repair;native_validator_guided;raw_mutation;static_hard_configfuzz,rq3-current-pytorch-cuda-151aac303189c6b4,process_group_initialization,"RuntimeError: Trying to create tensor with negative dimension -<N>: [-<N>, <N>]"
pytorch-cuda,chatglm3-train,model.num_query_groups,-6,4,configfuzz;global_repair;native_validator_guided;raw_mutation,rq3-current-pytorch-cuda-7f8690049d776701,process_group_initialization,"RuntimeError: Trying to create tensor with negative dimension -<N>: [-<N>, <N>]"
pytorch-cuda,chatglm3-train,model.num_query_groups,0,4,configfuzz;global_repair;native_validator_guided;raw_mutation,rq3-current-pytorch-cuda-c782ae740753545f,process_group_initialization,ZeroDivisionError: integer division or modulo by zero
pytorch-cuda,chatglm3-train,model.num_query_groups,10,2,native_validator_guided;raw_mutation,rq3-current-pytorch-cuda-8c438c59da1ddc71,process_group_initialization,RuntimeError: Number of heads in key and value must divide the number of heads in
pytorch-cuda,chatglm3-train,model.num_query_groups,16,2,native_validator_guided;raw_mutation,rq3-current-pytorch-cuda-0ec52a90855ed338,process_group_initialization,RuntimeError: Number of heads in key and value must divide the number of heads in
pytorch-cuda,chatglm3-train,model.num_query_groups,3,2,native_validator_guided;raw_mutation,rq3-current-pytorch-cuda-372dda9a353676d3,process_group_initialization,RuntimeError: Number of heads in key and value must divide the number of heads in
pytorch-cuda,chatglm3-train,model.num_query_groups,5,2,native_validator_guided;raw_mutation,rq3-current-pytorch-cuda-8511fc62440d8137,process_group_initialization,RuntimeError: Number of heads in key and value must divide the number of heads in
pytorch-cuda,chatglm3-train,model.num_query_groups,6,2,native_validator_guided;raw_mutation,rq3-current-pytorch-cuda-655912759d17e988,process_group_initialization,RuntimeError: Number of heads in key and value must divide the number of heads in
pytorch-cuda,chatglm3-train,model.num_query_groups,7,2,native_validator_guided;raw_mutation,rq3-current-pytorch-cuda-f9b75728f5f55fa1,process_group_initialization,RuntimeError: Number of heads in key and value must divide the number of heads in
pytorch-cuda,chatglm3-train,model.num_query_groups,9,2,native_validator_guided;raw_mutation,rq3-current-pytorch-cuda-540c11e3fd1edb62,process_group_initialization,RuntimeError: Number of heads in key and value must divide the number of heads in
pytorch-cuda,chatglm3-train,model.seq_length,-1,6,configfuzz;constraint_filter_only;global_repair;native_validator_guided;raw_mutation;static_hard_configfuzz,rq3-current-pytorch-cuda-f35246c9ce073df3,process_group_initialization,"RuntimeError: Trying to create tensor with negative dimension -<N>: [<N>, -<N>]"
pytorch-cuda,chatglm3-train,model.vocab_size,1,6,configfuzz;constraint_filter_only;global_repair;native_validator_guided;raw_mutation;static_hard_configfuzz,rq3-current-pytorch-cuda-c060ea78356b6364,process_group_initialization,"RuntimeError: random_ expects 'from' to be less than 'to', but got from=<N> >= to=<N>"
pytorch-cuda,chatglm3-train,training.micro_batch_size,-1,6,configfuzz;constraint_filter_only;global_repair;native_validator_guided;raw_mutation;static_hard_configfuzz,rq3-current-pytorch-cuda-462d4f34674ef8e4,process_group_initialization,"RuntimeError: Trying to create tensor with negative dimension -<N>: [-<N>, <N>]"
pytorch-cuda,chatglm3-train,training.micro_batch_size,-2,6,configfuzz;constraint_filter_only;global_repair;native_validator_guided;raw_mutation;static_hard_configfuzz,rq3-current-pytorch-cuda-b0dba3d9f1512d4c,process_group_initialization,"RuntimeError: Trying to create tensor with negative dimension -<N>: [-<N>, <N>]"
pytorch-cuda,chatglm3-train,training.micro_batch_size,-3,6,configfuzz;constraint_filter_only;global_repair;native_validator_guided;raw_mutation;static_hard_configfuzz,rq3-current-pytorch-cuda-ac451cc5c45d9bc5,process_group_initialization,"RuntimeError: Trying to create tensor with negative dimension -<N>: [-<N>, <N>]"
pytorch-cuda,chatglm3-train,training.micro_batch_size,-7,6,configfuzz;constraint_filter_only;global_repair;native_validator_guided;raw_mutation;static_hard_configfuzz,rq3-current-pytorch-cuda-2d93083e3a606372,process_group_initialization,"RuntimeError: Trying to create tensor with negative dimension -<N>: [-<N>, <N>]"
pytorch-cuda,chatglm3-train,training.micro_batch_size,0,6,configfuzz;constraint_filter_only;global_repair;native_validator_guided;raw_mutation;static_hard_configfuzz,rq3-current-pytorch-cuda-cf9dbcf845737e4c,process_group_initialization,"RuntimeError: cannot reshape tensor of <N> elements into shape [<N>, <N>, -<N>, <N>] because the unspecified dimension size -<N> can be any value and is ambiguous"
pytorch-cuda,cogvideox-train,video.frames,-3,6,configfuzz;constraint_filter_only;global_repair;native_validator_guided;raw_mutation;static_hard_configfuzz,rq3-current-pytorch-cuda-30e6a6b1c9667b8f,process_group_initialization,RuntimeError: upper bound and lower bound inconsistent with step sign
pytorch-cuda,cogvideox-train,video.in_channels,-4,6,configfuzz;constraint_filter_only;global_repair;native_validator_guided;raw_mutation;static_hard_configfuzz,rq3-current-pytorch-cuda-a57a9c37b13f9f83,process_group_initialization,"RuntimeError: Trying to create tensor with negative dimension -<N>: [<N>, -<N>, <N>, <N>]"
pytorch-cuda,cogvideox-train,video.out_channels,-4,6,configfuzz;constraint_filter_only;global_repair;native_validator_guided;raw_mutation;static_hard_configfuzz,rq3-current-pytorch-cuda-de64ef9be28a1f62,process_group_initialization,"RuntimeError: Trying to create tensor with negative dimension -<N>: [-<N>, <N>]"
pytorch-cuda,cogvideox-train,video.patch_size,-1,6,configfuzz;constraint_filter_only;global_repair;native_validator_guided;raw_mutation;static_hard_configfuzz,rq3-current-pytorch-cuda-3e504230659b503c,process_group_initialization,"RuntimeError: Trying to create tensor with negative dimension -<N>: [<N>, <N>, -<N>, -<N>]"
pytorch-cuda,cogvideox-train,video.patch_size,-2,6,configfuzz;constraint_filter_only;global_repair;native_validator_guided;raw_mutation;static_hard_configfuzz,rq3-current-pytorch-cuda-f470e96c216720d6,process_group_initialization,"RuntimeError: Trying to create tensor with negative dimension -<N>: [<N>, <N>, -<N>, -<N>]"
pytorch-cuda,cogvideox-train,video.patch_size,-6,6,configfuzz;constraint_filter_only;global_repair;native_validator_guided;raw_mutation;static_hard_configfuzz,rq3-current-pytorch-cuda-1f3b787424af6d3f,process_group_initialization,"RuntimeError: Trying to create tensor with negative dimension -<N>: [<N>, <N>, -<N>, -<N>]"
pytorch-cuda,cogvideox-train,video.patch_size,0,6,configfuzz;constraint_filter_only;global_repair;native_validator_guided;raw_mutation;static_hard_configfuzz,rq3-current-pytorch-cuda-29285e24fe8711ce,process_group_initialization,ZeroDivisionError: integer division or modulo by zero
pytorch-cuda,cogvideox-train,video.temporal_compression_ratio,-1,6,configfuzz;constraint_filter_only;global_repair;native_validator_guided;raw_mutation;static_hard_configfuzz,rq3-current-pytorch-cuda-5d6d51d83ad9ae86,process_group_initialization,RuntimeError: upper bound and lower bound inconsistent with step sign
pytorch-cuda,cogvideox-train,video.temporal_compression_ratio,-2,6,configfuzz;constraint_filter_only;global_repair;native_validator_guided;raw_mutation;static_hard_configfuzz,rq3-current-pytorch-cuda-7140e45413540a55,process_group_initialization,RuntimeError: upper bound and lower bound inconsistent with step sign
pytorch-cuda,cogvideox-train,video.temporal_compression_ratio,-3,6,configfuzz;constraint_filter_only;global_repair;native_validator_guided;raw_mutation;static_hard_configfuzz,rq3-current-pytorch-cuda-9fc7d43cc43c1b87,process_group_initialization,RuntimeError: upper bound and lower bound inconsistent with step sign
pytorch-cuda,deepseekv3-train,mla.qk_rope_head_dim,33,6,configfuzz;constraint_filter_only;global_repair;native_validator_guided;raw_mutation;static_hard_configfuzz,rq3-current-pytorch-cuda-9a4cf4758915a63a,process_group_initialization,"RuntimeError: shape '[<N>, <N>, <N>, <N>, <N>]' is invalid for input of size <N>"
pytorch-cuda,deepseekv3-train,mla.qk_rope_head_dim,35,6,configfuzz;constraint_filter_only;global_repair;native_validator_guided;raw_mutation;static_hard_configfuzz,rq3-current-pytorch-cuda-bc57a5623e93a8f3,process_group_initialization,"RuntimeError: shape '[<N>, <N>, <N>, <N>, <N>]' is invalid for input of size <N>"
pytorch-cuda,deepseekv3-train,moe.moe_router_num_groups,-1,5,configfuzz;global_repair;native_validator_guided;raw_mutation;static_hard_configfuzz,rq3-current-pytorch-cuda-19bbf4aec50277d9,process_group_initialization,RuntimeError: only one dimension can be inferred
pytorch-cuda,deepseekv3-train,moe.moe_router_num_groups,-2,5,configfuzz;global_repair;native_validator_guided;raw_mutation;static_hard_configfuzz,rq3-current-pytorch-cuda-889ae86ab73c3576,process_group_initialization,"RuntimeError: invalid shape dimension -<N> at index <N> of shape [-<N>, -<N>, -<N>]"
pytorch-cuda,deepseekv3-train,moe.moe_router_num_groups,10,5,configfuzz;global_repair;native_validator_guided;raw_mutation;static_hard_configfuzz,rq3-current-pytorch-cuda-89608509188625d9,process_group_initialization,RuntimeError: selected index k out of range
pytorch-cuda,deepseekv3-train,moe.moe_router_num_groups,3,5,configfuzz;global_repair;native_validator_guided;raw_mutation;static_hard_configfuzz,rq3-current-pytorch-cuda-b01f17b37294b0f6,process_group_initialization,RuntimeError: selected index k out of range
pytorch-cuda,deepseekv3-train,moe.moe_router_num_groups,4,6,configfuzz;constraint_filter_only;global_repair;native_validator_guided;raw_mutation;static_hard_configfuzz,rq3-current-pytorch-cuda-33b171ab288bcc10,process_group_initialization,RuntimeError: selected index k out of range
pytorch-cuda,deepseekv3-train,moe.moe_router_num_groups,5,5,configfuzz;global_repair;native_validator_guided;raw_mutation;static_hard_configfuzz,rq3-current-pytorch-cuda-57ef13d01763fc62,process_group_initialization,RuntimeError: selected index k out of range
pytorch-cuda,deepseekv3-train,moe.moe_router_num_groups,6,5,configfuzz;global_repair;native_validator_guided;raw_mutation;static_hard_configfuzz,rq3-current-pytorch-cuda-54154261a8fe41a6,process_group_initialization,RuntimeError: selected index k out of range
pytorch-cuda,deepseekv3-train,moe.moe_router_topk,-1,6,configfuzz;constraint_filter_only;global_repair;native_validator_guided;raw_mutation;static_hard_configfuzz,rq3-current-pytorch-cuda-7f7e790fc7211eb8,process_group_initialization,RuntimeError: selected index k out of range
pytorch-cuda,deepseekv3-train,moe.moe_router_topk,10,2,native_validator_guided;raw_mutation,rq3-current-pytorch-cuda-366714d2f20b7299,process_group_initialization,RuntimeError: selected index k out of range
pytorch-cuda,deepseekv3-train,moe.moe_router_topk,5,2,native_validator_guided;raw_mutation,rq3-current-pytorch-cuda-d5faab21d01bda1d,process_group_initialization,RuntimeError: selected index k out of range
pytorch-cuda,deepseekv3-train,moe.moe_router_topk,6,2,native_validator_guided;raw_mutation,rq3-current-pytorch-cuda-738a702f0c921fc4,process_group_initialization,RuntimeError: selected index k out of range
pytorch-cuda,deepseekv3-train,moe.n_shared_experts,-1,6,configfuzz;constraint_filter_only;global_repair;native_validator_guided;raw_mutation;static_hard_configfuzz,rq3-current-pytorch-cuda-c748ecba7e8a8877,process_group_initialization,"RuntimeError: Trying to create tensor with negative dimension -<N>: [-<N>, <N>]"
pytorch-cuda,deepseekv3-train,moe.num_experts,-4,5,configfuzz;global_repair;native_validator_guided;raw_mutation;static_hard_configfuzz,rq3-current-pytorch-cuda-5a1c76cc751a8112,process_group_initialization,"RuntimeError: Trying to create tensor with negative dimension -<N>: [-<N>, <N>, <N>]"
pytorch-cuda,deepseekv3-train,moe.num_experts,7,2,native_validator_guided;raw_mutation,rq3-current-pytorch-cuda-4467c5d2fb57001d,process_group_initialization,"RuntimeError: shape '[-<N>, <N>, <N>]' is invalid for input of size <N>"
pytorch-cuda,deepseekv3-train,moe.topk_group,-1,6,configfuzz;constraint_filter_only;global_repair;native_validator_guided;raw_mutation;static_hard_configfuzz,rq3-current-pytorch-cuda-4566d151122fcd91,process_group_initialization,RuntimeError: selected index k out of range
pytorch-cuda,deepseekv3-train,moe.topk_group,3,5,configfuzz;global_repair;native_validator_guided;raw_mutation;static_hard_configfuzz,rq3-current-pytorch-cuda-ab9e302b0c6cff24,process_group_initialization,RuntimeError: selected index k out of range
pytorch-cuda,deepseekv3-train,moe.topk_group,4,5,configfuzz;global_repair;native_validator_guided;raw_mutation;static_hard_configfuzz,rq3-current-pytorch-cuda-ab5d7d638e32c794,process_group_initialization,RuntimeError: selected index k out of range
pytorch-cuda,deepseekv3-train,moe.topk_group,5,4,configfuzz;global_repair;native_validator_guided;raw_mutation,rq3-current-pytorch-cuda-517ffad333664e87,process_group_initialization,RuntimeError: selected index k out of range
pytorch-cuda,deepseekv3-train,moe.topk_group,9,4,configfuzz;global_repair;native_validator_guided;raw_mutation,rq3-current-pytorch-cuda-e3b58eca2a28bbbe,process_group_initialization,RuntimeError: selected index k out of range
pytorch-cuda,deepseekv3-train,training.micro_batch_size,-1,6,configfuzz;constraint_filter_only;global_repair;native_validator_guided;raw_mutation;static_hard_configfuzz,rq3-current-pytorch-cuda-94ced7b7d16c9af3,process_group_initialization,"RuntimeError: Trying to create tensor with negative dimension -<N>: [-<N>, <N>]"
pytorch-cuda,internvl3-train,model.hidden_size,504,6,configfuzz;constraint_filter_only;global_repair;native_validator_guided;raw_mutation;static_hard_configfuzz,rq3-current-pytorch-cuda-f8e66258a61de153,process_group_initialization,RuntimeError: The size of tensor a (<N>) must match the size of tensor b (<N>) at non-singleton dimension <N>
pytorch-cuda,internvl3-train,model.hidden_size,508,5,configfuzz;global_repair;native_validator_guided;raw_mutation;static_hard_configfuzz,rq3-current-pytorch-cuda-083a1ab0bc1db0d0,process_group_initialization,RuntimeError: The size of tensor a (<N>) must match the size of tensor b (<N>) at non-singleton dimension <N>
pytorch-cuda,internvl3-train,model.hidden_size,509,4,configfuzz;global_repair;native_validator_guided;raw_mutation,rq3-current-pytorch-cuda-a0c6e3cd9556cada,process_group_initialization,RuntimeError: The size of tensor a (<N>) must match the size of tensor b (<N>) at non-singleton dimension <N>
pytorch-cuda,internvl3-train,model.hidden_size,514,1,static_hard_configfuzz,rq3-current-pytorch-cuda-9cdb2fc640c0789d,process_group_initialization,RuntimeError: The size of tensor a (<N>) must match the size of tensor b (<N>) at non-singleton dimension <N>
pytorch-cuda,internvl3-train,model.hidden_size,520,6,configfuzz;constraint_filter_only;global_repair;native_validator_guided;raw_mutation;static_hard_configfuzz,rq3-current-pytorch-cuda-424871c4d24de1ea,process_group_initialization,RuntimeError: The size of tensor a (<N>) must match the size of tensor b (<N>) at non-singleton dimension <N>
pytorch-cuda,internvl3-train,model.num_attention_heads,0,4,configfuzz;global_repair;native_validator_guided;raw_mutation,rq3-current-pytorch-cuda-4b30dbb2a68d3781,process_group_initialization,ZeroDivisionError: integer division or modulo by zero
pytorch-cuda,internvl3-train,model.num_attention_heads,10,5,configfuzz;global_repair;native_validator_guided;raw_mutation;static_hard_configfuzz,rq3-current-pytorch-cuda-562e137c419754fa,process_group_initialization,RuntimeError: The size of tensor a (<N>) must match the size of tensor b (<N>) at non-singleton dimension <N>
pytorch-cuda,internvl3-train,model.num_attention_heads,11,3,native_validator_guided;raw_mutation;static_hard_configfuzz,rq3-current-pytorch-cuda-a84e46dbe183d18a,process_group_initialization,RuntimeError: The size of tensor a (<N>) must match the size of tensor b (<N>) at non-singleton dimension <N>
pytorch-cuda,internvl3-train,model.num_attention_heads,12,1,static_hard_configfuzz,rq3-current-pytorch-cuda-3360bd2581974684,process_group_initialization,RuntimeError: The size of tensor a (<N>) must match the size of tensor b (<N>) at non-singleton dimension <N>
pytorch-cuda,internvl3-train,model.num_attention_heads,5,2,native_validator_guided;raw_mutation,rq3-current-pytorch-cuda-0f09935f7d3e4098,process_group_initialization,RuntimeError: Number of heads in key and value must divide the number of heads in
pytorch-cuda,internvl3-train,model.num_attention_heads,9,3,native_validator_guided;raw_mutation;static_hard_configfuzz,rq3-current-pytorch-cuda-e88f226b0fdc19fc,process_group_initialization,RuntimeError: The size of tensor a (<N>) must match the size of tensor b (<N>) at non-singleton dimension <N>
pytorch-cuda,internvl3-train,model.num_query_groups,-1,6,configfuzz;constraint_filter_only;global_repair;native_validator_guided;raw_mutation;static_hard_configfuzz,rq3-current-pytorch-cuda-f3fd49935b2ace56,process_group_initialization,"RuntimeError: Trying to create tensor with negative dimension -<N>: [-<N>, <N>]"
pytorch-cuda,internvl3-train,model.num_query_groups,-2,6,configfuzz;constraint_filter_only;global_repair;native_validator_guided;raw_mutation;static_hard_configfuzz,rq3-current-pytorch-cuda-24ac29ae94e72dcb,process_group_initialization,"RuntimeError: Trying to create tensor with negative dimension -<N>: [-<N>, <N>]"
pytorch-cuda,internvl3-train,model.num_query_groups,-6,4,configfuzz;global_repair;native_validator_guided;raw_mutation,rq3-current-pytorch-cuda-77a78c4e63206274,process_group_initialization,"RuntimeError: Trying to create tensor with negative dimension -<N>: [-<N>, <N>]"
pytorch-cuda,internvl3-train,model.num_query_groups,10,4,configfuzz;global_repair;native_validator_guided;raw_mutation,rq3-current-pytorch-cuda-b46ed8245c7aeab9,process_group_initialization,RuntimeError: The size of tensor a (<N>) must match the size of tensor b (<N>) at non-singleton dimension <N>
pytorch-cuda,internvl3-train,model.num_query_groups,3,2,native_validator_guided;raw_mutation,rq3-current-pytorch-cuda-97f1236e7269f6ca,process_group_initialization,RuntimeError: Number of heads in key and value must divide the number of heads in
pytorch-cuda,internvl3-train,model.num_query_groups,5,4,configfuzz;global_repair;native_validator_guided;raw_mutation,rq3-current-pytorch-cuda-8d9bcfad439bd7d7,process_group_initialization,RuntimeError: The size of tensor a (<N>) must match the size of tensor b (<N>) at non-singleton dimension <N>
pytorch-cuda,internvl3-train,model.num_query_groups,6,4,configfuzz;global_repair;native_validator_guided;raw_mutation,rq3-current-pytorch-cuda-a62fae4459a8a4de,process_group_initialization,RuntimeError: The size of tensor a (<N>) must match the size of tensor b (<N>) at non-singleton dimension <N>
pytorch-cuda,internvl3-train,multimodal.downsample_ratio,-0.5,6,configfuzz;constraint_filter_only;global_repair;native_validator_guided;raw_mutation;static_hard_configfuzz,rq3-current-pytorch-cuda-d0c61c6a3fa2e5ff,process_group_initialization,"RuntimeError: invalid shape dimension -<N> at index <N> of shape [<N>, <N>, -<N>, -<N>]"
pytorch-cuda,internvl3-train,multimodal.downsample_ratio,0.0,6,configfuzz;constraint_filter_only;global_repair;native_validator_guided;raw_mutation;static_hard_configfuzz,rq3-current-pytorch-cuda-6f325e713a83bcbf,process_group_initialization,ZeroDivisionError: float division by zero
pytorch-cuda,internvl3-train,multimodal.downsample_ratio,0.125,6,configfuzz;constraint_filter_only;global_repair;native_validator_guided;raw_mutation;static_hard_configfuzz,rq3-current-pytorch-cuda-4ebdc7962c0b9fb5,process_group_initialization,"RuntimeError: shape '[<N>, <N>, <N>, <N>]' is invalid for input of size <N>"
pytorch-cuda,internvl3-train,multimodal.image_size,56,6,configfuzz;constraint_filter_only;global_repair;native_validator_guided;raw_mutation;static_hard_configfuzz,rq3-current-pytorch-cuda-b7ad8cdee371ccb2,process_group_initialization,"RuntimeError: shape '[<N>, <N>, <N>, <N>]' is invalid for input of size <N>"
pytorch-cuda,internvl3-train,multimodal.image_size,60,6,configfuzz;constraint_filter_only;global_repair;native_validator_guided;raw_mutation;static_hard_configfuzz,rq3-current-pytorch-cuda-ebfaada740c6484d,process_group_initialization,"RuntimeError: shape '[<N>, <N>, <N>, <N>]' is invalid for input of size <N>"
pytorch-cuda,internvl3-train,multimodal.image_size,61,6,configfuzz;constraint_filter_only;global_repair;native_validator_guided;raw_mutation;static_hard_configfuzz,rq3-current-pytorch-cuda-7257befd5e869286,process_group_initialization,"RuntimeError: shape '[<N>, <N>, <N>, <N>]' is invalid for input of size <N>"
pytorch-cuda,internvl3-train,multimodal.num_channels,-1,6,configfuzz;constraint_filter_only;global_repair;native_validator_guided;raw_mutation;static_hard_configfuzz,rq3-current-pytorch-cuda-f79551b1060a06fa,process_group_initialization,"RuntimeError: Trying to create tensor with negative dimension -<N>: [<N>, -<N>, <N>, <N>]"
pytorch-cuda,internvl3-train,multimodal.num_channels,-5,6,configfuzz;constraint_filter_only;global_repair;native_validator_guided;raw_mutation;static_hard_configfuzz,rq3-current-pytorch-cuda-b2dc18e1dfe10994,process_group_initialization,"RuntimeError: Trying to create tensor with negative dimension -<N>: [<N>, -<N>, <N>, <N>]"
pytorch-cuda,internvl3-train,multimodal.num_channels,0,6,configfuzz;constraint_filter_only;global_repair;native_validator_guided;raw_mutation;static_hard_configfuzz,rq3-current-pytorch-cuda-50aef29be0354483,process_group_initialization,RuntimeError: Sizes of tensors must match except in dimension <N>. Expected size <N> but got size <N> for tensor number <N> in the list.
pytorch-cuda,internvl3-train,multimodal.patch_size,12,6,configfuzz;constraint_filter_only;global_repair;native_validator_guided;raw_mutation;static_hard_configfuzz,rq3-current-pytorch-cuda-e8ecc974db53c425,process_group_initialization,"RuntimeError: shape '[<N>, <N>, <N>, <N>]' is invalid for input of size <N>"
pytorch-cuda,internvl3-train,multimodal.patch_size,17,6,configfuzz;constraint_filter_only;global_repair;native_validator_guided;raw_mutation;static_hard_configfuzz,rq3-current-pytorch-cuda-abd72962f7d7600b,process_group_initialization,"RuntimeError: shape '[<N>, <N>, <N>, <N>]' is invalid for input of size <N>"
pytorch-cuda,internvl3-train,multimodal.patch_size,18,6,configfuzz;constraint_filter_only;global_repair;native_validator_guided;raw_mutation;static_hard_configfuzz,rq3-current-pytorch-cuda-68370abfc2d359aa,process_group_initialization,"RuntimeError: shape '[<N>, <N>, <N>, <N>]' is invalid for input of size <N>"
pytorch-cuda,internvl3-train,multimodal.patch_size,19,6,configfuzz;constraint_filter_only;global_repair;native_validator_guided;raw_mutation;static_hard_configfuzz,rq3-current-pytorch-cuda-0d630578c036eeb6,process_group_initialization,"RuntimeError: shape '[<N>, <N>, <N>, <N>]' is invalid for input of size <N>"
pytorch-cuda,internvl3-train,multimodal.patch_size,20,6,configfuzz;constraint_filter_only;global_repair;native_validator_guided;raw_mutation;static_hard_configfuzz,rq3-current-pytorch-cuda-8f1b75e4a76243b2,process_group_initialization,"RuntimeError: shape '[<N>, <N>, <N>, <N>]' is invalid for input of size <N>"
pytorch-cuda,internvl3-train,multimodal.vision_num_attention_heads,-4,6,configfuzz;constraint_filter_only;global_repair;native_validator_guided;raw_mutation;static_hard_configfuzz,rq3-current-pytorch-cuda-509d436a2fc3dad2,process_group_initialization,"RuntimeError: invalid shape dimension -<N> at index <N> of shape [<N>, <N>, -<N>, -<N>]"
pytorch-cuda,internvl3-train,multimodal.vision_num_attention_heads,0,4,configfuzz;global_repair;native_validator_guided;raw_mutation,rq3-current-pytorch-cuda-9884a8ba0c331b5d,process_group_initialization,ZeroDivisionError: integer division or modulo by zero
pytorch-cuda,internvl3-train,training.micro_batch_size,-1,6,configfuzz;constraint_filter_only;global_repair;native_validator_guided;raw_mutation;static_hard_configfuzz,rq3-current-pytorch-cuda-4a70b4e046878694,process_group_initialization,"RuntimeError: Trying to create tensor with negative dimension -<N>: [-<N>, <N>]"
pytorch-cuda,internvl3-train,training.micro_batch_size,-2,6,configfuzz;constraint_filter_only;global_repair;native_validator_guided;raw_mutation;static_hard_configfuzz,rq3-current-pytorch-cuda-ce378ffd814bc12b,process_group_initialization,"RuntimeError: Trying to create tensor with negative dimension -<N>: [-<N>, <N>]"
pytorch-cuda,llama2-train,model.ffn_hidden_size,-1,6,configfuzz;constraint_filter_only;global_repair;native_validator_guided;raw_mutation;static_hard_configfuzz,rq3-current-pytorch-cuda-5f939fdecc6c0fa2,process_group_initialization,"RuntimeError: Trying to create tensor with negative dimension -<N>: [-<N>, <N>]"
pytorch-cuda,llama2-train,model.hidden_size,-1,1,global_repair,rq3-current-pytorch-cuda-6b90a70cd8cb9839,process_group_initialization,"RuntimeError: Trying to create tensor with negative dimension -<N>: [<N>, -<N>]"
pytorch-cuda,llama2-train,model.hidden_size,504,6,configfuzz;constraint_filter_only;global_repair;native_validator_guided;raw_mutation;static_hard_configfuzz,rq3-current-pytorch-cuda-bca33e89af602d0b,process_group_initialization,RuntimeError: The size of tensor a (<N>) must match the size of tensor b (<N>) at non-singleton dimension <N>
pytorch-cuda,llama2-train,model.hidden_size,508,3,configfuzz;global_repair;static_hard_configfuzz,rq3-current-pytorch-cuda-4186d7f83769ebf3,process_group_initialization,RuntimeError: The size of tensor a (<N>) must match the size of tensor b (<N>) at non-singleton dimension <N>
pytorch-cuda,llama2-train,model.hidden_size,509,1,global_repair,rq3-current-pytorch-cuda-7af3bce0f866d945,process_group_initialization,RuntimeError: The size of tensor a (<N>) must match the size of tensor b (<N>) at non-singleton dimension <N>
pytorch-cuda,llama2-train,model.hidden_size,510,3,configfuzz;global_repair;static_hard_configfuzz,rq3-current-pytorch-cuda-e8c0fba856af1a9f,process_group_initialization,RuntimeError: The size of tensor a (<N>) must match the size of tensor b (<N>) at non-singleton dimension <N>
pytorch-cuda,llama2-train,model.hidden_size,511,1,global_repair,rq3-current-pytorch-cuda-a7e7d2908820e2a4,process_group_initialization,RuntimeError: The size of tensor a (<N>) must match the size of tensor b (<N>) at non-singleton dimension <N>
pytorch-cuda,llama2-train,model.hidden_size,513,1,global_repair,rq3-current-pytorch-cuda-85c2527f51f37460,process_group_initialization,RuntimeError: The size of tensor a (<N>) must match the size of tensor b (<N>) at non-singleton dimension <N>
pytorch-cuda,llama2-train,model.hidden_size,514,3,configfuzz;global_repair;static_hard_configfuzz,rq3-current-pytorch-cuda-017f054e4a2731bc,process_group_initialization,RuntimeError: The size of tensor a (<N>) must match the size of tensor b (<N>) at non-singleton dimension <N>
pytorch-cuda,llama2-train,model.hidden_size,515,1,global_repair,rq3-current-pytorch-cuda-b4e596d15e837a1f,process_group_initialization,RuntimeError: The size of tensor a (<N>) must match the size of tensor b (<N>) at non-singleton dimension <N>
pytorch-cuda,llama2-train,model.hidden_size,520,6,configfuzz;constraint_filter_only;global_repair;native_validator_guided;raw_mutation;static_hard_configfuzz,rq3-current-pytorch-cuda-9e77610e01aca4f5,process_group_initialization,RuntimeError: The size of tensor a (<N>) must match the size of tensor b (<N>) at non-singleton dimension <N>
pytorch-cuda,llama2-train,model.num_attention_heads,-1,5,configfuzz;global_repair;native_validator_guided;raw_mutation;static_hard_configfuzz,rq3-current-pytorch-cuda-7496a1b3bdaa54b8,process_group_initialization,"RuntimeError: Trying to create tensor with negative dimension -<N>: [-<N>, <N>]"
pytorch-cuda,llama2-train,model.num_attention_heads,0,4,configfuzz;global_repair;native_validator_guided;raw_mutation,rq3-current-pytorch-cuda-d7fa002d72de59af,process_group_initialization,ZeroDivisionError: integer division or modulo by zero
pytorch-cuda,llama2-train,model.num_attention_heads,1,2,native_validator_guided;raw_mutation,rq3-current-pytorch-cuda-972a91f1571a697e,process_group_initialization,RuntimeError: Number of heads in key and value must divide the number of heads in
pytorch-cuda,llama2-train,model.num_attention_heads,10,3,configfuzz;global_repair;static_hard_configfuzz,rq3-current-pytorch-cuda-5ad028f8458d3dd5,process_group_initialization,RuntimeError: The size of tensor a (<N>) must match the size of tensor b (<N>) at non-singleton dimension <N>
pytorch-cuda,llama2-train,model.num_attention_heads,11,3,configfuzz;global_repair;static_hard_configfuzz,rq3-current-pytorch-cuda-03c920137704920a,process_group_initialization,RuntimeError: The size of tensor a (<N>) must match the size of tensor b (<N>) at non-singleton dimension <N>
pytorch-cuda,llama2-train,model.num_attention_heads,12,3,configfuzz;global_repair;static_hard_configfuzz,rq3-current-pytorch-cuda-c294f79014ea9ee5,process_group_initialization,RuntimeError: The size of tensor a (<N>) must match the size of tensor b (<N>) at non-singleton dimension <N>
pytorch-cuda,llama2-train,model.num_attention_heads,13,3,configfuzz;global_repair;static_hard_configfuzz,rq3-current-pytorch-cuda-eecefe8ed8722bbd,process_group_initialization,RuntimeError: The size of tensor a (<N>) must match the size of tensor b (<N>) at non-singleton dimension <N>
pytorch-cuda,llama2-train,model.num_attention_heads,6,3,configfuzz;global_repair;static_hard_configfuzz,rq3-current-pytorch-cuda-50f43eae783eb099,process_group_initialization,RuntimeError: The size of tensor a (<N>) must match the size of tensor b (<N>) at non-singleton dimension <N>
pytorch-cuda,llama2-train,model.num_attention_heads,7,3,configfuzz;global_repair;static_hard_configfuzz,rq3-current-pytorch-cuda-33bbedec9fb5f833,process_group_initialization,RuntimeError: The size of tensor a (<N>) must match the size of tensor b (<N>) at non-singleton dimension <N>
pytorch-cuda,llama2-train,model.num_attention_heads,9,3,configfuzz;global_repair;static_hard_configfuzz,rq3-current-pytorch-cuda-2e22e531420b8c73,process_group_initialization,RuntimeError: The size of tensor a (<N>) must match the size of tensor b (<N>) at non-singleton dimension <N>
pytorch-cuda,llama2-train,model.num_query_groups,-1,6,configfuzz;constraint_filter_only;global_repair;native_validator_guided;raw_mutation;static_hard_configfuzz,rq3-current-pytorch-cuda-06603694a53ad79a,process_group_initialization,"RuntimeError: Trying to create tensor with negative dimension -<N>: [-<N>, <N>]"
pytorch-cuda,llama2-train,model.num_query_groups,-2,6,configfuzz;constraint_filter_only;global_repair;native_validator_guided;raw_mutation;static_hard_configfuzz,rq3-current-pytorch-cuda-8c446811461d436e,process_group_initialization,"RuntimeError: Trying to create tensor with negative dimension -<N>: [-<N>, <N>]"
pytorch-cuda,llama2-train,model.num_query_groups,-6,4,configfuzz;global_repair;native_validator_guided;raw_mutation,rq3-current-pytorch-cuda-b975a83c8d12368c,process_group_initialization,"RuntimeError: Trying to create tensor with negative dimension -<N>: [-<N>, <N>]"
pytorch-cuda,llama2-train,model.num_query_groups,0,4,configfuzz;global_repair;native_validator_guided;raw_mutation,rq3-current-pytorch-cuda-69618e4acd32ad0a,process_group_initialization,ZeroDivisionError: integer division or modulo by zero
pytorch-cuda,llama2-train,model.num_query_groups,10,4,configfuzz;global_repair;native_validator_guided;raw_mutation,rq3-current-pytorch-cuda-f63d89c0b0b9d37c,process_group_initialization,RuntimeError: Number of heads in key and value must divide the number of heads in
pytorch-cuda,llama2-train,model.num_query_groups,16,2,native_validator_guided;raw_mutation,rq3-current-pytorch-cuda-b832b982cb9b2ff5,process_group_initialization,RuntimeError: Number of heads in key and value must divide the number of heads in
pytorch-cuda,llama2-train,model.num_query_groups,3,4,configfuzz;global_repair;native_validator_guided;raw_mutation,rq3-current-pytorch-cuda-967de0323e087bda,process_group_initialization,RuntimeError: Number of heads in key and value must divide the number of heads in
pytorch-cuda,llama2-train,model.num_query_groups,5,4,configfuzz;global_repair;native_validator_guided;raw_mutation,rq3-current-pytorch-cuda-c8399211c2990ccd,process_group_initialization,RuntimeError: Number of heads in key and value must divide the number of heads in
pytorch-cuda,llama2-train,model.num_query_groups,6,4,configfuzz;global_repair;native_validator_guided;raw_mutation,rq3-current-pytorch-cuda-38b0d80ab35077fe,process_group_initialization,RuntimeError: Number of heads in key and value must divide the number of heads in
pytorch-cuda,llama2-train,model.num_query_groups,7,4,configfuzz;global_repair;native_validator_guided;raw_mutation,rq3-current-pytorch-cuda-9948e9a9aa991591,process_group_initialization,RuntimeError: Number of heads in key and value must divide the number of heads in
pytorch-cuda,llama2-train,model.num_query_groups,9,4,configfuzz;global_repair;native_validator_guided;raw_mutation,rq3-current-pytorch-cuda-53bea03ea83e0bf1,process_group_initialization,RuntimeError: Number of heads in key and value must divide the number of heads in
pytorch-cuda,llama2-train,model.seq_length,-1,6,configfuzz;constraint_filter_only;global_repair;native_validator_guided;raw_mutation;static_hard_configfuzz,rq3-current-pytorch-cuda-33f634d83040fbe2,process_group_initialization,"RuntimeError: Trying to create tensor with negative dimension -<N>: [<N>, -<N>]"
pytorch-cuda,llama2-train,training.micro_batch_size,-1,6,configfuzz;constraint_filter_only;global_repair;native_validator_guided;raw_mutation;static_hard_configfuzz,rq3-current-pytorch-cuda-b50fd7b5e8117e18,process_group_initialization,"RuntimeError: Trying to create tensor with negative dimension -<N>: [-<N>, <N>]"
pytorch-cuda,llama2-train,training.micro_batch_size,-2,6,configfuzz;constraint_filter_only;global_repair;native_validator_guided;raw_mutation;static_hard_configfuzz,rq3-current-pytorch-cuda-d98c09787c48f034,process_group_initialization,"RuntimeError: Trying to create tensor with negative dimension -<N>: [-<N>, <N>]"
pytorch-cuda,llama2-train,training.micro_batch_size,-3,6,configfuzz;constraint_filter_only;global_repair;native_validator_guided;raw_mutation;static_hard_configfuzz,rq3-current-pytorch-cuda-3524e6c07a255bd3,process_group_initialization,"RuntimeError: Trying to create tensor with negative dimension -<N>: [-<N>, <N>]"
pytorch-cuda,llama2-train,training.micro_batch_size,-7,6,configfuzz;constraint_filter_only;global_repair;native_validator_guided;raw_mutation;static_hard_configfuzz,rq3-current-pytorch-cuda-722ca85e93c805bb,process_group_initialization,"RuntimeError: Trying to create tensor with negative dimension -<N>: [-<N>, <N>]"
pytorch-cuda,llama2-train,training.micro_batch_size,0,6,configfuzz;constraint_filter_only;global_repair;native_validator_guided;raw_mutation;static_hard_configfuzz,rq3-current-pytorch-cuda-cd25f6ff299c94a8,process_group_initialization,"RuntimeError: cannot reshape tensor of <N> elements into shape [<N>, <N>, -<N>, <N>] because the unspecified dimension size -<N> can be any value and is ambiguous"
pytorch-cuda,mixtral-train,model.ffn_hidden_size,-1,6,configfuzz;constraint_filter_only;global_repair;native_validator_guided;raw_mutation;static_hard_configfuzz,rq3-current-pytorch-cuda-9f09b7268bdc18d4,process_group_initialization,"RuntimeError: Trying to create tensor with negative dimension -<N>: [<N>, -<N>, <N>]"
pytorch-cuda,mixtral-train,model.hidden_size,-1,4,configfuzz;global_repair;native_validator_guided;raw_mutation,rq3-current-pytorch-cuda-e5bb68645be7bafe,process_group_initialization,"RuntimeError: Trying to create tensor with negative dimension -<N>: [<N>, -<N>]"
pytorch-cuda,mixtral-train,model.hidden_size,1,4,configfuzz;global_repair;native_validator_guided;raw_mutation,rq3-current-pytorch-cuda-c2e171194899971b,process_group_initialization,ZeroDivisionError: <N> cannot be raised to a negative power
pytorch-cuda,mixtral-train,model.hidden_size,504,6,configfuzz;constraint_filter_only;global_repair;native_validator_guided;raw_mutation;static_hard_configfuzz,rq3-current-pytorch-cuda-b3e62fc29ee7bb56,process_group_initialization,RuntimeError: The size of tensor a (<N>) must match the size of tensor b (<N>) at non-singleton dimension <N>
pytorch-cuda,mixtral-train,model.hidden_size,508,5,configfuzz;global_repair;native_validator_guided;raw_mutation;static_hard_configfuzz,rq3-current-pytorch-cuda-13e9fc1bd2ce89bb,process_group_initialization,RuntimeError: The size of tensor a (<N>) must match the size of tensor b (<N>) at non-singleton dimension <N>
pytorch-cuda,mixtral-train,model.hidden_size,509,4,configfuzz;global_repair;native_validator_guided;raw_mutation,rq3-current-pytorch-cuda-ff337a9c767535ed,process_group_initialization,RuntimeError: The size of tensor a (<N>) must match the size of tensor b (<N>) at non-singleton dimension <N>
pytorch-cuda,mixtral-train,model.hidden_size,510,5,configfuzz;global_repair;native_validator_guided;raw_mutation;static_hard_configfuzz,rq3-current-pytorch-cuda-beedb441d4460220,process_group_initialization,RuntimeError: The size of tensor a (<N>) must match the size of tensor b (<N>) at non-singleton dimension <N>
pytorch-cuda,mixtral-train,model.hidden_size,511,4,configfuzz;global_repair;native_validator_guided;raw_mutation,rq3-current-pytorch-cuda-12539768e4a5bb88,process_group_initialization,RuntimeError: The size of tensor a (<N>) must match the size of tensor b (<N>) at non-singleton dimension <N>
pytorch-cuda,mixtral-train,model.hidden_size,514,1,static_hard_configfuzz,rq3-current-pytorch-cuda-cac9d53f24525a91,process_group_initialization,RuntimeError: The size of tensor a (<N>) must match the size of tensor b (<N>) at non-singleton dimension <N>
pytorch-cuda,mixtral-train,model.hidden_size,520,6,configfuzz;constraint_filter_only;global_repair;native_validator_guided;raw_mutation;static_hard_configfuzz,rq3-current-pytorch-cuda-01256f9aa52d414f,process_group_initialization,RuntimeError: The size of tensor a (<N>) must match the size of tensor b (<N>) at non-singleton dimension <N>
pytorch-cuda,mixtral-train,model.num_attention_heads,-1,5,configfuzz;global_repair;native_validator_guided;raw_mutation;static_hard_configfuzz,rq3-current-pytorch-cuda-28bdd81b2bd9f4ac,process_group_initialization,"RuntimeError: Trying to create tensor with negative dimension -<N>: [-<N>, <N>]"
pytorch-cuda,mixtral-train,model.num_attention_heads,0,4,configfuzz;global_repair;native_validator_guided;raw_mutation,rq3-current-pytorch-cuda-54f12f5398421a5a,process_group_initialization,ZeroDivisionError: integer division or modulo by zero
pytorch-cuda,mixtral-train,model.num_attention_heads,10,5,configfuzz;global_repair;native_validator_guided;raw_mutation;static_hard_configfuzz,rq3-current-pytorch-cuda-ccca89a7c8e154d5,process_group_initialization,RuntimeError: The size of tensor a (<N>) must match the size of tensor b (<N>) at non-singleton dimension <N>
pytorch-cuda,mixtral-train,model.num_attention_heads,11,3,native_validator_guided;raw_mutation;static_hard_configfuzz,rq3-current-pytorch-cuda-ab9b2d141c917907,process_group_initialization,RuntimeError: The size of tensor a (<N>) must match the size of tensor b (<N>) at non-singleton dimension <N>
pytorch-cuda,mixtral-train,model.num_attention_heads,12,1,static_hard_configfuzz,rq3-current-pytorch-cuda-f6919639ca286448,process_group_initialization,RuntimeError: The size of tensor a (<N>) must match the size of tensor b (<N>) at non-singleton dimension <N>
pytorch-cuda,mixtral-train,model.num_attention_heads,13,5,configfuzz;global_repair;native_validator_guided;raw_mutation;static_hard_configfuzz,rq3-current-pytorch-cuda-fab747abec522351,process_group_initialization,RuntimeError: The size of tensor a (<N>) must match the size of tensor b (<N>) at non-singleton dimension <N>
pytorch-cuda,mixtral-train,model.num_attention_heads,15,2,native_validator_guided;raw_mutation,rq3-current-pytorch-cuda-8c2091954b627b0c,process_group_initialization,RuntimeError: Number of heads in key and value must divide the number of heads in
pytorch-cuda,mixtral-train,model.num_attention_heads,5,2,native_validator_guided;raw_mutation,rq3-current-pytorch-cuda-bef9cc4e8c4c84ae,process_group_initialization,RuntimeError: Number of heads in key and value must divide the number of heads in
pytorch-cuda,mixtral-train,model.num_attention_heads,6,5,configfuzz;global_repair;native_validator_guided;raw_mutation;static_hard_configfuzz,rq3-current-pytorch-cuda-2eabf65ee6815890,process_group_initialization,RuntimeError: The size of tensor a (<N>) must match the size of tensor b (<N>) at non-singleton dimension <N>
pytorch-cuda,mixtral-train,model.num_attention_heads,7,5,configfuzz;global_repair;native_validator_guided;raw_mutation;static_hard_configfuzz,rq3-current-pytorch-cuda-9e77320153609ef6,process_group_initialization,RuntimeError: The size of tensor a (<N>) must match the size of tensor b (<N>) at non-singleton dimension <N>
pytorch-cuda,mixtral-train,model.num_attention_heads,9,3,native_validator_guided;raw_mutation;static_hard_configfuzz,rq3-current-pytorch-cuda-8ba15cbcb5a823c8,process_group_initialization,RuntimeError: The size of tensor a (<N>) must match the size of tensor b (<N>) at non-singleton dimension <N>
pytorch-cuda,mixtral-train,model.num_query_groups,-1,6,configfuzz;constraint_filter_only;global_repair;native_validator_guided;raw_mutation;static_hard_configfuzz,rq3-current-pytorch-cuda-9ba92f60da99ac59,process_group_initialization,"RuntimeError: Trying to create tensor with negative dimension -<N>: [-<N>, <N>]"
pytorch-cuda,mixtral-train,model.num_query_groups,-2,6,configfuzz;constraint_filter_only;global_repair;native_validator_guided;raw_mutation;static_hard_configfuzz,rq3-current-pytorch-cuda-3e1685678e1f31a6,process_group_initialization,"RuntimeError: Trying to create tensor with negative dimension -<N>: [-<N>, <N>]"
pytorch-cuda,mixtral-train,model.num_query_groups,-6,4,configfuzz;global_repair;native_validator_guided;raw_mutation,rq3-current-pytorch-cuda-23fcb8ce5b8cd9cc,process_group_initialization,"RuntimeError: Trying to create tensor with negative dimension -<N>: [-<N>, <N>]"
pytorch-cuda,mixtral-train,model.num_query_groups,0,4,configfuzz;global_repair;native_validator_guided;raw_mutation,rq3-current-pytorch-cuda-4bd47bcfccaacebe,process_group_initialization,ZeroDivisionError: integer division or modulo by zero
pytorch-cuda,mixtral-train,model.num_query_groups,10,4,configfuzz;global_repair;native_validator_guided;raw_mutation,rq3-current-pytorch-cuda-4d540298bcf94e84,process_group_initialization,RuntimeError: The size of tensor a (<N>) must match the size of tensor b (<N>) at non-singleton dimension <N>
pytorch-cuda,mixtral-train,model.num_query_groups,16,2,native_validator_guided;raw_mutation,rq3-current-pytorch-cuda-5e59a014977bb8c4,process_group_initialization,RuntimeError: Number of heads in key and value must divide the number of heads in
pytorch-cuda,mixtral-train,model.num_query_groups,3,2,native_validator_guided;raw_mutation,rq3-current-pytorch-cuda-a78ee09433514bab,process_group_initialization,RuntimeError: Number of heads in key and value must divide the number of heads in
pytorch-cuda,mixtral-train,model.num_query_groups,5,4,configfuzz;global_repair;native_validator_guided;raw_mutation,rq3-current-pytorch-cuda-817c4f930b1c7fc1,process_group_initialization,RuntimeError: The size of tensor a (<N>) must match the size of tensor b (<N>) at non-singleton dimension <N>
pytorch-cuda,mixtral-train,model.num_query_groups,6,4,configfuzz;global_repair;native_validator_guided;raw_mutation,rq3-current-pytorch-cuda-3930a7c1453cb435,process_group_initialization,RuntimeError: The size of tensor a (<N>) must match the size of tensor b (<N>) at non-singleton dimension <N>
pytorch-cuda,mixtral-train,model.num_query_groups,7,4,configfuzz;global_repair;native_validator_guided;raw_mutation,rq3-current-pytorch-cuda-6367f19fed7236f7,process_group_initialization,RuntimeError: The size of tensor a (<N>) must match the size of tensor b (<N>) at non-singleton dimension <N>
pytorch-cuda,mixtral-train,model.seq_length,-1,6,configfuzz;constraint_filter_only;global_repair;native_validator_guided;raw_mutation;static_hard_configfuzz,rq3-current-pytorch-cuda-ecdd16604a124c57,process_group_initialization,"RuntimeError: Trying to create tensor with negative dimension -<N>: [<N>, -<N>]"
pytorch-cuda,mixtral-train,moe.moe_router_topk,-1,6,configfuzz;constraint_filter_only;global_repair;native_validator_guided;raw_mutation;static_hard_configfuzz,rq3-current-pytorch-cuda-f73d32c6403174f7,process_group_initialization,RuntimeError: selected index k out of range
pytorch-cuda,mixtral-train,moe.moe_router_topk,-2,6,configfuzz;constraint_filter_only;global_repair;native_validator_guided;raw_mutation;static_hard_configfuzz,rq3-current-pytorch-cuda-298e1b16cc02dc67,process_group_initialization,RuntimeError: selected index k out of range
pytorch-cuda,mixtral-train,moe.moe_router_topk,-6,6,configfuzz;constraint_filter_only;global_repair;native_validator_guided;raw_mutation;static_hard_configfuzz,rq3-current-pytorch-cuda-b335940fcae7ab9f,process_group_initialization,RuntimeError: selected index k out of range
pytorch-cuda,mixtral-train,moe.moe_router_topk,10,2,native_validator_guided;raw_mutation,rq3-current-pytorch-cuda-ae7a9e55d54eeb65,process_group_initialization,RuntimeError: selected index k out of range
pytorch-cuda,mixtral-train,moe.moe_router_topk,16,2,native_validator_guided;raw_mutation,rq3-current-pytorch-cuda-2e3004caf1703a1a,process_group_initialization,RuntimeError: selected index k out of range
pytorch-cuda,mixtral-train,moe.moe_router_topk,5,2,native_validator_guided;raw_mutation,rq3-current-pytorch-cuda-eef6f17f8cd8dd67,process_group_initialization,RuntimeError: selected index k out of range
pytorch-cuda,mixtral-train,moe.moe_router_topk,6,2,native_validator_guided;raw_mutation,rq3-current-pytorch-cuda-f925c88a60c4d7ee,process_group_initialization,RuntimeError: selected index k out of range
pytorch-cuda,mixtral-train,moe.moe_router_topk,7,2,native_validator_guided;raw_mutation,rq3-current-pytorch-cuda-5a22f201b5082e0b,process_group_initialization,RuntimeError: selected index k out of range
pytorch-cuda,mixtral-train,moe.num_experts,-1,5,configfuzz;global_repair;native_validator_guided;raw_mutation;static_hard_configfuzz,rq3-current-pytorch-cuda-4cd51e27c1969cb3,process_group_initialization,"RuntimeError: Trying to create tensor with negative dimension -<N>: [-<N>, <N>]"
pytorch-cuda,mixtral-train,moe.num_experts,-4,5,configfuzz;global_repair;native_validator_guided;raw_mutation;static_hard_configfuzz,rq3-current-pytorch-cuda-88963d49b0534e8f,process_group_initialization,"RuntimeError: Trying to create tensor with negative dimension -<N>: [-<N>, <N>]"
pytorch-cuda,mixtral-train,moe.num_experts,0,2,native_validator_guided;raw_mutation,rq3-current-pytorch-cuda-aaf81e650a26e32c,process_group_initialization,RuntimeError: selected index k out of range
pytorch-cuda,mixtral-train,moe.num_experts,1,2,native_validator_guided;raw_mutation,rq3-current-pytorch-cuda-37a47598b03e9115,process_group_initialization,RuntimeError: selected index k out of range
pytorch-cuda,mixtral-train,training.micro_batch_size,-1,6,configfuzz;constraint_filter_only;global_repair;native_validator_guided;raw_mutation;static_hard_configfuzz,rq3-current-pytorch-cuda-338425c0184a8817,process_group_initialization,"RuntimeError: Trying to create tensor with negative dimension -<N>: [-<N>, <N>]"
pytorch-cuda,mixtral-train,training.micro_batch_size,-2,6,configfuzz;constraint_filter_only;global_repair;native_validator_guided;raw_mutation;static_hard_configfuzz,rq3-current-pytorch-cuda-af92eaa294fccfe9,process_group_initialization,"RuntimeError: Trying to create tensor with negative dimension -<N>: [-<N>, <N>]"
pytorch-cuda,mixtral-train,training.micro_batch_size,-3,6,configfuzz;constraint_filter_only;global_repair;native_validator_guided;raw_mutation;static_hard_configfuzz,rq3-current-pytorch-cuda-2ce0c03336d122be,process_group_initialization,"RuntimeError: Trying to create tensor with negative dimension -<N>: [-<N>, <N>]"
pytorch-cuda,mixtral-train,training.micro_batch_size,-7,6,configfuzz;constraint_filter_only;global_repair;native_validator_guided;raw_mutation;static_hard_configfuzz,rq3-current-pytorch-cuda-f7f343f71ab2fd38,process_group_initialization,"RuntimeError: Trying to create tensor with negative dimension -<N>: [-<N>, <N>]"
pytorch-cuda,mixtral-train,training.micro_batch_size,0,6,configfuzz;constraint_filter_only;global_repair;native_validator_guided;raw_mutation;static_hard_configfuzz,rq3-current-pytorch-cuda-f9575f23d4a37bdf,process_group_initialization,"RuntimeError: cannot reshape tensor of <N> elements into shape [<N>, <N>, -<N>, <N>] because the unspecified dimension size -<N> can be any value and is ambiguous"
pytorch-cuda,qwen2-train,model.ffn_hidden_size,-1,6,configfuzz;constraint_filter_only;global_repair;native_validator_guided;raw_mutation;static_hard_configfuzz,rq3-current-pytorch-cuda-a1c33f70ff45e9b2,process_group_initialization,"RuntimeError: Trying to create tensor with negative dimension -<N>: [-<N>, <N>]"
pytorch-cuda,qwen2-train,model.hidden_size,-1,4,configfuzz;global_repair;native_validator_guided;raw_mutation,rq3-current-pytorch-cuda-e7697558642c7da3,process_group_initialization,"RuntimeError: Trying to create tensor with negative dimension -<N>: [<N>, -<N>]"
pytorch-cuda,qwen2-train,model.hidden_size,1,4,configfuzz;global_repair;native_validator_guided;raw_mutation,rq3-current-pytorch-cuda-9f1844016c902009,process_group_initialization,ZeroDivisionError: <N> cannot be raised to a negative power
pytorch-cuda,qwen2-train,model.hidden_size,2,4,configfuzz;global_repair;native_validator_guided;raw_mutation,rq3-current-pytorch-cuda-60420215fce71dce,process_group_initialization,ZeroDivisionError: <N> cannot be raised to a negative power
pytorch-cuda,qwen2-train,model.hidden_size,4,4,configfuzz;global_repair;native_validator_guided;raw_mutation,rq3-current-pytorch-cuda-d2e3f810dd266a34,process_group_initialization,ZeroDivisionError: <N> cannot be raised to a negative power
pytorch-cuda,qwen2-train,model.hidden_size,504,6,configfuzz;constraint_filter_only;global_repair;native_validator_guided;raw_mutation;static_hard_configfuzz,rq3-current-pytorch-cuda-b3db7b341f2c9ec2,process_group_initialization,RuntimeError: The size of tensor a (<N>) must match the size of tensor b (<N>) at non-singleton dimension <N>
pytorch-cuda,qwen2-train,model.hidden_size,508,5,configfuzz;global_repair;native_validator_guided;raw_mutation;static_hard_configfuzz,rq3-current-pytorch-cuda-61428122f5892bf9,process_group_initialization,RuntimeError: The size of tensor a (<N>) must match the size of tensor b (<N>) at non-singleton dimension <N>
pytorch-cuda,qwen2-train,model.hidden_size,509,4,configfuzz;global_repair;native_validator_guided;raw_mutation,rq3-current-pytorch-cuda-7d1a2a95f38117fd,process_group_initialization,RuntimeError: The size of tensor a (<N>) must match the size of tensor b (<N>) at non-singleton dimension <N>
pytorch-cuda,qwen2-train,model.hidden_size,510,5,configfuzz;global_repair;native_validator_guided;raw_mutation;static_hard_configfuzz,rq3-current-pytorch-cuda-04fbdeba1e764c0e,process_group_initialization,RuntimeError: The size of tensor a (<N>) must match the size of tensor b (<N>) at non-singleton dimension <N>
pytorch-cuda,qwen2-train,model.hidden_size,511,4,configfuzz;global_repair;native_validator_guided;raw_mutation,rq3-current-pytorch-cuda-a0f6560d85362812,process_group_initialization,RuntimeError: The size of tensor a (<N>) must match the size of tensor b (<N>) at non-singleton dimension <N>
pytorch-cuda,qwen2-train,model.hidden_size,514,1,static_hard_configfuzz,rq3-current-pytorch-cuda-bf2b4c03b2c92664,process_group_initialization,RuntimeError: The size of tensor a (<N>) must match the size of tensor b (<N>) at non-singleton dimension <N>
pytorch-cuda,qwen2-train,model.hidden_size,520,6,configfuzz;constraint_filter_only;global_repair;native_validator_guided;raw_mutation;static_hard_configfuzz,rq3-current-pytorch-cuda-bb365f650aac6564,process_group_initialization,RuntimeError: The size of tensor a (<N>) must match the size of tensor b (<N>) at non-singleton dimension <N>
pytorch-cuda,qwen2-train,model.num_attention_heads,-1,5,configfuzz;global_repair;native_validator_guided;raw_mutation;static_hard_configfuzz,rq3-current-pytorch-cuda-858a6b0cbc5a35a4,process_group_initialization,"RuntimeError: Trying to create tensor with negative dimension -<N>: [-<N>, <N>]"
pytorch-cuda,qwen2-train,model.num_attention_heads,0,4,configfuzz;global_repair;native_validator_guided;raw_mutation,rq3-current-pytorch-cuda-5d6a18698b5b5ec8,process_group_initialization,ZeroDivisionError: integer division or modulo by zero
pytorch-cuda,qwen2-train,model.num_attention_heads,1,2,native_validator_guided;raw_mutation,rq3-current-pytorch-cuda-486ca1add3f55291,process_group_initialization,RuntimeError: Number of heads in key and value must divide the number of heads in
pytorch-cuda,qwen2-train,model.num_attention_heads,10,5,configfuzz;global_repair;native_validator_guided;raw_mutation;static_hard_configfuzz,rq3-current-pytorch-cuda-77b714841bb74581,process_group_initialization,RuntimeError: The size of tensor a (<N>) must match the size of tensor b (<N>) at non-singleton dimension <N>
pytorch-cuda,qwen2-train,model.num_attention_heads,11,3,native_validator_guided;raw_mutation;static_hard_configfuzz,rq3-current-pytorch-cuda-fd5c8c3bf2358dca,process_group_initialization,RuntimeError: The size of tensor a (<N>) must match the size of tensor b (<N>) at non-singleton dimension <N>
pytorch-cuda,qwen2-train,model.num_attention_heads,12,1,static_hard_configfuzz,rq3-current-pytorch-cuda-8b726d2c9923c637,process_group_initialization,RuntimeError: The size of tensor a (<N>) must match the size of tensor b (<N>) at non-singleton dimension <N>
pytorch-cuda,qwen2-train,model.num_attention_heads,13,5,configfuzz;global_repair;native_validator_guided;raw_mutation;static_hard_configfuzz,rq3-current-pytorch-cuda-b0526c56632d6d29,process_group_initialization,RuntimeError: The size of tensor a (<N>) must match the size of tensor b (<N>) at non-singleton dimension <N>
pytorch-cuda,qwen2-train,model.num_attention_heads,15,2,native_validator_guided;raw_mutation,rq3-current-pytorch-cuda-f22a7dc97229f1ed,process_group_initialization,RuntimeError: Number of heads in key and value must divide the number of heads in
pytorch-cuda,qwen2-train,model.num_attention_heads,17,2,native_validator_guided;raw_mutation,rq3-current-pytorch-cuda-5138407f25b5360b,process_group_initialization,RuntimeError: Number of heads in key and value must divide the number of heads in
pytorch-cuda,qwen2-train,model.num_attention_heads,5,2,native_validator_guided;raw_mutation,rq3-current-pytorch-cuda-ad11f100e19b7e38,process_group_initialization,RuntimeError: Number of heads in key and value must divide the number of heads in
pytorch-cuda,qwen2-train,model.num_attention_heads,6,5,configfuzz;global_repair;native_validator_guided;raw_mutation;static_hard_configfuzz,rq3-current-pytorch-cuda-9bd22e584a26cad8,process_group_initialization,RuntimeError: The size of tensor a (<N>) must match the size of tensor b (<N>) at non-singleton dimension <N>
pytorch-cuda,qwen2-train,model.num_attention_heads,7,5,configfuzz;global_repair;native_validator_guided;raw_mutation;static_hard_configfuzz,rq3-current-pytorch-cuda-d4eedf6fa846444d,process_group_initialization,RuntimeError: The size of tensor a (<N>) must match the size of tensor b (<N>) at non-singleton dimension <N>
pytorch-cuda,qwen2-train,model.num_attention_heads,9,3,native_validator_guided;raw_mutation;static_hard_configfuzz,rq3-current-pytorch-cuda-3ee5dba0e073bbc5,process_group_initialization,RuntimeError: The size of tensor a (<N>) must match the size of tensor b (<N>) at non-singleton dimension <N>
pytorch-cuda,qwen2-train,model.num_query_groups,-1,6,configfuzz;constraint_filter_only;global_repair;native_validator_guided;raw_mutation;static_hard_configfuzz,rq3-current-pytorch-cuda-e0a348584b7a5b33,process_group_initialization,"RuntimeError: Trying to create tensor with negative dimension -<N>: [-<N>, <N>]"
pytorch-cuda,qwen2-train,model.num_query_groups,-2,6,configfuzz;constraint_filter_only;global_repair;native_validator_guided;raw_mutation;static_hard_configfuzz,rq3-current-pytorch-cuda-f887837bb46ddd7f,process_group_initialization,"RuntimeError: Trying to create tensor with negative dimension -<N>: [-<N>, <N>]"
pytorch-cuda,qwen2-train,model.num_query_groups,-6,4,configfuzz;global_repair;native_validator_guided;raw_mutation,rq3-current-pytorch-cuda-1d0e13e3a8691fe7,process_group_initialization,"RuntimeError: Trying to create tensor with negative dimension -<N>: [-<N>, <N>]"
pytorch-cuda,qwen2-train,model.num_query_groups,0,4,configfuzz;global_repair;native_validator_guided;raw_mutation,rq3-current-pytorch-cuda-a7594a100f70a5a3,process_group_initialization,ZeroDivisionError: integer division or modulo by zero
pytorch-cuda,qwen2-train,model.num_query_groups,10,4,configfuzz;global_repair;native_validator_guided;raw_mutation,rq3-current-pytorch-cuda-41ebd03a114a84ec,process_group_initialization,RuntimeError: The size of tensor a (<N>) must match the size of tensor b (<N>) at non-singleton dimension <N>
pytorch-cuda,qwen2-train,model.num_query_groups,16,2,native_validator_guided;raw_mutation,rq3-current-pytorch-cuda-b15cd3129010606f,process_group_initialization,RuntimeError: Number of heads in key and value must divide the number of heads in
pytorch-cuda,qwen2-train,model.num_query_groups,3,2,native_validator_guided;raw_mutation,rq3-current-pytorch-cuda-387d0b8cc34da9b2,process_group_initialization,RuntimeError: Number of heads in key and value must divide the number of heads in
pytorch-cuda,qwen2-train,model.num_query_groups,5,4,configfuzz;global_repair;native_validator_guided;raw_mutation,rq3-current-pytorch-cuda-0ed7decc51988a2c,process_group_initialization,RuntimeError: The size of tensor a (<N>) must match the size of tensor b (<N>) at non-singleton dimension <N>
pytorch-cuda,qwen2-train,model.num_query_groups,6,4,configfuzz;global_repair;native_validator_guided;raw_mutation,rq3-current-pytorch-cuda-06927e28cf8482c1,process_group_initialization,RuntimeError: The size of tensor a (<N>) must match the size of tensor b (<N>) at non-singleton dimension <N>
pytorch-cuda,qwen2-train,model.num_query_groups,7,4,configfuzz;global_repair;native_validator_guided;raw_mutation,rq3-current-pytorch-cuda-76c5ee32373a08f8,process_group_initialization,RuntimeError: The size of tensor a (<N>) must match the size of tensor b (<N>) at non-singleton dimension <N>
pytorch-cuda,qwen2-train,model.num_query_groups,9,2,native_validator_guided;raw_mutation,rq3-current-pytorch-cuda-3826a45d8746b0b1,process_group_initialization,RuntimeError: Number of heads in key and value must divide the number of heads in
pytorch-cuda,qwen2-train,model.seq_length,-1,6,configfuzz;constraint_filter_only;global_repair;native_validator_guided;raw_mutation;static_hard_configfuzz,rq3-current-pytorch-cuda-e113cf078e545490,process_group_initialization,"RuntimeError: Trying to create tensor with negative dimension -<N>: [<N>, -<N>]"
pytorch-cuda,qwen2-train,model.vocab_size,-1,6,configfuzz;constraint_filter_only;global_repair;native_validator_guided;raw_mutation;static_hard_configfuzz,rq3-current-pytorch-cuda-e1011624b796d9f6,process_group_initialization,"RuntimeError: Trying to create tensor with negative dimension -<N>: [-<N>, <N>]"
pytorch-cuda,qwen2-train,model.vocab_size,1,6,configfuzz;constraint_filter_only;global_repair;native_validator_guided;raw_mutation;static_hard_configfuzz,rq3-current-pytorch-cuda-8786cfd916f7a3d4,process_group_initialization,"RuntimeError: random_ expects 'from' to be less than 'to', but got from=<N> >= to=<N>"
pytorch-cuda,qwen2-train,model.vocab_size,2,6,configfuzz;constraint_filter_only;global_repair;native_validator_guided;raw_mutation;static_hard_configfuzz,rq3-current-pytorch-cuda-09d573521fdb70ba,process_group_initialization,"RuntimeError: random_ expects 'from' to be less than 'to', but got from=<N> >= to=<N>"
pytorch-cuda,qwen2-train,training.micro_batch_size,-1,6,configfuzz;constraint_filter_only;global_repair;native_validator_guided;raw_mutation;static_hard_configfuzz,rq3-current-pytorch-cuda-a07abb39a007d24e,process_group_initialization,"RuntimeError: Trying to create tensor with negative dimension -<N>: [-<N>, <N>]"
pytorch-cuda,qwen2-train,training.micro_batch_size,-2,6,configfuzz;constraint_filter_only;global_repair;native_validator_guided;raw_mutation;static_hard_configfuzz,rq3-current-pytorch-cuda-cc097f49060c7a11,process_group_initialization,"RuntimeError: Trying to create tensor with negative dimension -<N>: [-<N>, <N>]"
pytorch-cuda,qwen2-train,training.micro_batch_size,-3,6,configfuzz;constraint_filter_only;global_repair;native_validator_guided;raw_mutation;static_hard_configfuzz,rq3-current-pytorch-cuda-59ee8a55471e1abe,process_group_initialization,"RuntimeError: Trying to create tensor with negative dimension -<N>: [-<N>, <N>]"
pytorch-cuda,qwen2-train,training.micro_batch_size,-7,6,configfuzz;constraint_filter_only;global_repair;native_validator_guided;raw_mutation;static_hard_configfuzz,rq3-current-pytorch-cuda-361510bc274bc9e3,process_group_initialization,"RuntimeError: Trying to create tensor with negative dimension -<N>: [-<N>, <N>]"
pytorch-cuda,qwen2-train,training.micro_batch_size,0,6,configfuzz;constraint_filter_only;global_repair;native_validator_guided;raw_mutation;static_hard_configfuzz,rq3-current-pytorch-cuda-aceb105023cf6be9,process_group_initialization,"RuntimeError: cannot reshape tensor of <N> elements into shape [<N>, <N>, -<N>, <N>] because the unspecified dimension size -<N> can be any value and is ambiguous"
transformers-accelerate,chatglm3-train,model.attention_dropout,1.0,6,configfuzz;constraint_filter_only;global_repair;native_validator_guided;raw_mutation;static_hard_configfuzz,rq3-current-transformers-accelerate-f7c4abc035a27d5e,process_group_initialization,"RuntimeError: Expected p_dropout < <N>.f to be true, but got false. (Could this error message be improved? If so, please report an enhancement request to PyTorch.)"
transformers-accelerate,chatglm3-train,model.attention_dropout,1.000001,6,configfuzz;constraint_filter_only;global_repair;native_validator_guided;raw_mutation;static_hard_configfuzz,rq3-current-transformers-accelerate-20006327aa53b229,process_group_initialization,"RuntimeError: Expected p_dropout < <N>.f to be true, but got false. (Could this error message be improved? If so, please report an enhancement request to PyTorch.)"
transformers-accelerate,chatglm3-train,model.ffn_hidden_size,-1,6,configfuzz;constraint_filter_only;global_repair;native_validator_guided;raw_mutation;static_hard_configfuzz,rq3-current-transformers-accelerate-5bf2aa37822d7524,process_group_initialization,"RuntimeError: Trying to create tensor with negative dimension -<N>: [-<N>, <N>]"
transformers-accelerate,chatglm3-train,model.hidden_size,-1,4,configfuzz;global_repair;native_validator_guided;raw_mutation,rq3-current-transformers-accelerate-4a56958e652ca6ef,process_group_initialization,"RuntimeError: Trying to create tensor with negative dimension -<N>: [<N>, -<N>]"
transformers-accelerate,chatglm3-train,model.hidden_size,1,4,configfuzz;global_repair;native_validator_guided;raw_mutation,rq3-current-transformers-accelerate-46c5e2e5f7687f96,process_group_initialization,ZeroDivisionError: <N> cannot be raised to a negative power
transformers-accelerate,chatglm3-train,model.hidden_size,2,4,configfuzz;global_repair;native_validator_guided;raw_mutation,rq3-current-transformers-accelerate-4a7cce054c6ea39c,process_group_initialization,ZeroDivisionError: <N> cannot be raised to a negative power
transformers-accelerate,chatglm3-train,model.num_attention_heads,-1,5,configfuzz;global_repair;native_validator_guided;raw_mutation;static_hard_configfuzz,rq3-current-transformers-accelerate-a62173aae43588b2,process_group_initialization,"RuntimeError: Trying to create tensor with negative dimension -<N>: [-<N>, <N>]"
transformers-accelerate,chatglm3-train,model.num_attention_heads,0,4,configfuzz;global_repair;native_validator_guided;raw_mutation,rq3-current-transformers-accelerate-1828fc457dc1c3a5,process_group_initialization,ZeroDivisionError: integer division or modulo by zero
transformers-accelerate,chatglm3-train,model.num_attention_heads,11,2,native_validator_guided;raw_mutation,rq3-current-transformers-accelerate-7ad6a83b422c87ae,process_group_initialization,RuntimeError: Number of heads in key and value must divide the number of heads in
transformers-accelerate,chatglm3-train,model.num_attention_heads,13,2,native_validator_guided;raw_mutation,rq3-current-transformers-accelerate-cbdc1cd1dfdf6f41,process_group_initialization,RuntimeError: Number of heads in key and value must divide the number of heads in
transformers-accelerate,chatglm3-train,model.num_attention_heads,15,2,native_validator_guided;raw_mutation,rq3-current-transformers-accelerate-2e900c8d3fcd919f,process_group_initialization,RuntimeError: Number of heads in key and value must divide the number of heads in
transformers-accelerate,chatglm3-train,model.num_attention_heads,17,2,native_validator_guided;raw_mutation,rq3-current-transformers-accelerate-6d89108a5161b487,process_group_initialization,RuntimeError: Number of heads in key and value must divide the number of heads in
transformers-accelerate,chatglm3-train,model.num_attention_heads,5,2,native_validator_guided;raw_mutation,rq3-current-transformers-accelerate-9d0a0063d185a0dc,process_group_initialization,RuntimeError: Number of heads in key and value must divide the number of heads in
transformers-accelerate,chatglm3-train,model.num_attention_heads,7,2,native_validator_guided;raw_mutation,rq3-current-transformers-accelerate-5c6aa9763f86b261,process_group_initialization,RuntimeError: Number of heads in key and value must divide the number of heads in
transformers-accelerate,chatglm3-train,model.num_attention_heads,9,2,native_validator_guided;raw_mutation,rq3-current-transformers-accelerate-6601ff8e57b769d1,process_group_initialization,RuntimeError: Number of heads in key and value must divide the number of heads in
transformers-accelerate,chatglm3-train,model.num_query_groups,-1,6,configfuzz;constraint_filter_only;global_repair;native_validator_guided;raw_mutation;static_hard_configfuzz,rq3-current-transformers-accelerate-68b46e02551e9fbf,process_group_initialization,"RuntimeError: Trying to create tensor with negative dimension -<N>: [-<N>, <N>]"
transformers-accelerate,chatglm3-train,model.num_query_groups,-2,6,configfuzz;constraint_filter_only;global_repair;native_validator_guided;raw_mutation;static_hard_configfuzz,rq3-current-transformers-accelerate-c16100fdbb05185b,process_group_initialization,"RuntimeError: Trying to create tensor with negative dimension -<N>: [-<N>, <N>]"
transformers-accelerate,chatglm3-train,model.num_query_groups,-6,4,configfuzz;global_repair;native_validator_guided;raw_mutation,rq3-current-transformers-accelerate-d4a951a5a371e350,process_group_initialization,"RuntimeError: Trying to create tensor with negative dimension -<N>: [-<N>, <N>]"
transformers-accelerate,chatglm3-train,model.num_query_groups,0,4,configfuzz;global_repair;native_validator_guided;raw_mutation,rq3-current-transformers-accelerate-2b8411071eaec358,process_group_initialization,ZeroDivisionError: integer division or modulo by zero
transformers-accelerate,chatglm3-train,model.num_query_groups,10,2,native_validator_guided;raw_mutation,rq3-current-transformers-accelerate-f263d27df14deda5,process_group_initialization,RuntimeError: Number of heads in key and value must divide the number of heads in
transformers-accelerate,chatglm3-train,model.num_query_groups,16,2,native_validator_guided;raw_mutation,rq3-current-transformers-accelerate-b2675ce13f16b89a,process_group_initialization,RuntimeError: Number of heads in key and value must divide the number of heads in
transformers-accelerate,chatglm3-train,model.num_query_groups,3,2,native_validator_guided;raw_mutation,rq3-current-transformers-accelerate-3d35e2fcadeb186f,process_group_initialization,RuntimeError: Number of heads in key and value must divide the number of heads in
transformers-accelerate,chatglm3-train,model.num_query_groups,5,2,native_validator_guided;raw_mutation,rq3-current-transformers-accelerate-99ba9e09e681031c,process_group_initialization,RuntimeError: Number of heads in key and value must divide the number of heads in
transformers-accelerate,chatglm3-train,model.num_query_groups,6,2,native_validator_guided;raw_mutation,rq3-current-transformers-accelerate-701e0343ce4f00da,process_group_initialization,RuntimeError: Number of heads in key and value must divide the number of heads in
transformers-accelerate,chatglm3-train,model.num_query_groups,7,2,native_validator_guided;raw_mutation,rq3-current-transformers-accelerate-ae67c6094e641e85,process_group_initialization,RuntimeError: Number of heads in key and value must divide the number of heads in
transformers-accelerate,chatglm3-train,model.num_query_groups,9,2,native_validator_guided;raw_mutation,rq3-current-transformers-accelerate-2a9135da5ab291d6,process_group_initialization,RuntimeError: Number of heads in key and value must divide the number of heads in
transformers-accelerate,chatglm3-train,model.seq_length,-1,6,configfuzz;constraint_filter_only;global_repair;native_validator_guided;raw_mutation;static_hard_configfuzz,rq3-current-transformers-accelerate-ee1b34f7f0169241,process_group_initialization,"RuntimeError: Trying to create tensor with negative dimension -<N>: [<N>, -<N>]"
transformers-accelerate,chatglm3-train,model.vocab_size,1,6,configfuzz;constraint_filter_only;global_repair;native_validator_guided;raw_mutation;static_hard_configfuzz,rq3-current-transformers-accelerate-361cf4544003511a,process_group_initialization,"RuntimeError: random_ expects 'from' to be less than 'to', but got from=<N> >= to=<N>"
transformers-accelerate,chatglm3-train,training.micro_batch_size,-1,6,configfuzz;constraint_filter_only;global_repair;native_validator_guided;raw_mutation;static_hard_configfuzz,rq3-current-transformers-accelerate-59bd8a34a0016e01,process_group_initialization,"RuntimeError: Trying to create tensor with negative dimension -<N>: [-<N>, <N>]"
transformers-accelerate,chatglm3-train,training.micro_batch_size,-2,6,configfuzz;constraint_filter_only;global_repair;native_validator_guided;raw_mutation;static_hard_configfuzz,rq3-current-transformers-accelerate-307a2046448db8bf,process_group_initialization,"RuntimeError: Trying to create tensor with negative dimension -<N>: [-<N>, <N>]"
transformers-accelerate,chatglm3-train,training.micro_batch_size,-3,6,configfuzz;constraint_filter_only;global_repair;native_validator_guided;raw_mutation;static_hard_configfuzz,rq3-current-transformers-accelerate-4153c95e2f64606f,process_group_initialization,"RuntimeError: Trying to create tensor with negative dimension -<N>: [-<N>, <N>]"
transformers-accelerate,chatglm3-train,training.micro_batch_size,-7,6,configfuzz;constraint_filter_only;global_repair;native_validator_guided;raw_mutation;static_hard_configfuzz,rq3-current-transformers-accelerate-dcc7ad2e981e73d1,process_group_initialization,"RuntimeError: Trying to create tensor with negative dimension -<N>: [-<N>, <N>]"
transformers-accelerate,chatglm3-train,training.micro_batch_size,0,6,configfuzz;constraint_filter_only;global_repair;native_validator_guided;raw_mutation;static_hard_configfuzz,rq3-current-transformers-accelerate-720ee572300a6e91,process_group_initialization,"RuntimeError: cannot reshape tensor of <N> elements into shape [<N>, <N>, -<N>, <N>] because the unspecified dimension size -<N> can be any value and is ambiguous"
transformers-accelerate,cogvideox-train,model.num_attention_heads,0,6,configfuzz;constraint_filter_only;global_repair;native_validator_guided;raw_mutation;static_hard_configfuzz,rq3-current-transformers-accelerate-2fdbf7a90613d55f,process_group_initialization,"RuntimeError: Given groups=<N>, expected weight to be at least <N> at dimension <N>, but got weight of size [<N>, <N>, <N>, <N>] instead"
transformers-accelerate,cogvideox-train,training.micro_batch_size,-1,6,configfuzz;constraint_filter_only;global_repair;native_validator_guided;raw_mutation;static_hard_configfuzz,rq3-current-transformers-accelerate-cc0411dadcd5476b,process_group_initialization,"RuntimeError: Trying to create tensor with negative dimension -<N>: [-<N>, <N>, <N>, <N>, <N>]"
transformers-accelerate,cogvideox-train,training.micro_batch_size,-2,6,configfuzz;constraint_filter_only;global_repair;native_validator_guided;raw_mutation;static_hard_configfuzz,rq3-current-transformers-accelerate-7f05a5ed75604a94,process_group_initialization,"RuntimeError: Trying to create tensor with negative dimension -<N>: [-<N>, <N>, <N>, <N>, <N>]"
transformers-accelerate,cogvideox-train,training.micro_batch_size,-3,6,configfuzz;constraint_filter_only;global_repair;native_validator_guided;raw_mutation;static_hard_configfuzz,rq3-current-transformers-accelerate-de6e4bf75b2afa88,process_group_initialization,"RuntimeError: Trying to create tensor with negative dimension -<N>: [-<N>, <N>, <N>, <N>, <N>]"
transformers-accelerate,cogvideox-train,training.micro_batch_size,-7,6,configfuzz;constraint_filter_only;global_repair;native_validator_guided;raw_mutation;static_hard_configfuzz,rq3-current-transformers-accelerate-ee65404cecffacef,process_group_initialization,"RuntimeError: Trying to create tensor with negative dimension -<N>: [-<N>, <N>, <N>, <N>, <N>]"
transformers-accelerate,cogvideox-train,training.micro_batch_size,0,6,configfuzz;constraint_filter_only;global_repair;native_validator_guided;raw_mutation;static_hard_configfuzz,rq3-current-transformers-accelerate-436cb87f2c93dc5e,process_group_initialization,"RuntimeError: cannot reshape tensor of <N> elements into shape [<N>, -<N>, <N>, <N>] because the unspecified dimension size -<N> can be any value and is ambiguous"
transformers-accelerate,cogvideox-train,video.frames,-3,6,configfuzz;constraint_filter_only;global_repair;native_validator_guided;raw_mutation;static_hard_configfuzz,rq3-current-transformers-accelerate-e186ac404c811da5,process_group_initialization,RuntimeError: upper bound and lower bound inconsistent with step sign
transformers-accelerate,cogvideox-train,video.in_channels,-4,6,configfuzz;constraint_filter_only;global_repair;native_validator_guided;raw_mutation;static_hard_configfuzz,rq3-current-transformers-accelerate-45b3f181fd9a8fce,process_group_initialization,"RuntimeError: Trying to create tensor with negative dimension -<N>: [<N>, -<N>, <N>, <N>]"
transformers-accelerate,cogvideox-train,video.in_channels,0,6,configfuzz;constraint_filter_only;global_repair;native_validator_guided;raw_mutation;static_hard_configfuzz,rq3-current-transformers-accelerate-e93ff33f8629288c,process_group_initialization,"RuntimeError: cannot reshape tensor of <N> elements into shape [-<N>, <N>, <N>, <N>] because the unspecified dimension size -<N> can be any value and is ambiguous"
transformers-accelerate,cogvideox-train,video.out_channels,-4,6,configfuzz;constraint_filter_only;global_repair;native_validator_guided;raw_mutation;static_hard_configfuzz,rq3-current-transformers-accelerate-681b13c26b40f5fe,process_group_initialization,"RuntimeError: Trying to create tensor with negative dimension -<N>: [-<N>, <N>]"
transformers-accelerate,cogvideox-train,video.out_channels,0,6,configfuzz;constraint_filter_only;global_repair;native_validator_guided;raw_mutation;static_hard_configfuzz,rq3-current-transformers-accelerate-eae18bfcf5536ac6,repeated_training,RuntimeError: Error(s) in loading state_dict for CogVideoXTransformer3DModel:
transformers-accelerate,cogvideox-train,video.patch_size,-1,6,configfuzz;constraint_filter_only;global_repair;native_validator_guided;raw_mutation;static_hard_configfuzz,rq3-current-transformers-accelerate-92176c4d1d15252b,process_group_initialization,"RuntimeError: Trying to create tensor with negative dimension -<N>: [<N>, <N>, -<N>, -<N>]"
transformers-accelerate,cogvideox-train,video.patch_size,-2,6,configfuzz;constraint_filter_only;global_repair;native_validator_guided;raw_mutation;static_hard_configfuzz,rq3-current-transformers-accelerate-75c53129ce2d6c8e,process_group_initialization,"RuntimeError: Trying to create tensor with negative dimension -<N>: [<N>, <N>, -<N>, -<N>]"
transformers-accelerate,cogvideox-train,video.patch_size,-6,6,configfuzz;constraint_filter_only;global_repair;native_validator_guided;raw_mutation;static_hard_configfuzz,rq3-current-transformers-accelerate-5729b4df4f5dbf2f,process_group_initialization,"RuntimeError: Trying to create tensor with negative dimension -<N>: [<N>, <N>, -<N>, -<N>]"
transformers-accelerate,cogvideox-train,video.patch_size,0,6,configfuzz;constraint_filter_only;global_repair;native_validator_guided;raw_mutation;static_hard_configfuzz,rq3-current-transformers-accelerate-68532e6b521e8578,process_group_initialization,ZeroDivisionError: integer division or modulo by zero
transformers-accelerate,cogvideox-train,video.temporal_compression_ratio,-1,6,configfuzz;constraint_filter_only;global_repair;native_validator_guided;raw_mutation;static_hard_configfuzz,rq3-current-transformers-accelerate-d7e43692a6fcceb8,process_group_initialization,RuntimeError: upper bound and lower bound inconsistent with step sign
transformers-accelerate,cogvideox-train,video.temporal_compression_ratio,-2,6,configfuzz;constraint_filter_only;global_repair;native_validator_guided;raw_mutation;static_hard_configfuzz,rq3-current-transformers-accelerate-9a80b41cb7ebaa19,process_group_initialization,RuntimeError: upper bound and lower bound inconsistent with step sign
transformers-accelerate,cogvideox-train,video.temporal_compression_ratio,-3,6,configfuzz;constraint_filter_only;global_repair;native_validator_guided;raw_mutation;static_hard_configfuzz,rq3-current-transformers-accelerate-3b82f4eb7155d68d,process_group_initialization,RuntimeError: upper bound and lower bound inconsistent with step sign
transformers-accelerate,deepseekv3-train,mla.qk_rope_head_dim,33,6,configfuzz;constraint_filter_only;global_repair;native_validator_guided;raw_mutation;static_hard_configfuzz,rq3-current-transformers-accelerate-973a6e3806925c7e,process_group_initialization,"RuntimeError: shape '[<N>, <N>, <N>, <N>, <N>]' is invalid for input of size <N>"
transformers-accelerate,deepseekv3-train,mla.qk_rope_head_dim,35,6,configfuzz;constraint_filter_only;global_repair;native_validator_guided;raw_mutation;static_hard_configfuzz,rq3-current-transformers-accelerate-bba61d40a62ed4a2,process_group_initialization,"RuntimeError: shape '[<N>, <N>, <N>, <N>, <N>]' is invalid for input of size <N>"
transformers-accelerate,deepseekv3-train,model.num_attention_heads,0,4,configfuzz;global_repair;native_validator_guided;raw_mutation,rq3-current-transformers-accelerate-a98fc8d555737e03,repeated_training,RuntimeError: Error(s) in loading state_dict for DeepseekV3ForCausalLM:
transformers-accelerate,deepseekv3-train,moe.moe_router_num_groups,-1,5,configfuzz;global_repair;native_validator_guided;raw_mutation;static_hard_configfuzz,rq3-current-transformers-accelerate-64ca808be5488775,process_group_initialization,RuntimeError: only one dimension can be inferred
transformers-accelerate,deepseekv3-train,moe.moe_router_num_groups,-2,5,configfuzz;global_repair;native_validator_guided;raw_mutation;static_hard_configfuzz,rq3-current-transformers-accelerate-aad467850274308b,process_group_initialization,"RuntimeError: invalid shape dimension -<N> at index <N> of shape [-<N>, -<N>, -<N>]"
transformers-accelerate,deepseekv3-train,moe.moe_router_num_groups,10,5,configfuzz;global_repair;native_validator_guided;raw_mutation;static_hard_configfuzz,rq3-current-transformers-accelerate-aceaf99bb21ef4e4,process_group_initialization,RuntimeError: selected index k out of range
transformers-accelerate,deepseekv3-train,moe.moe_router_num_groups,3,5,configfuzz;global_repair;native_validator_guided;raw_mutation;static_hard_configfuzz,rq3-current-transformers-accelerate-e6a3f39ed9351c31,process_group_initialization,RuntimeError: selected index k out of range
transformers-accelerate,deepseekv3-train,moe.moe_router_num_groups,4,6,configfuzz;constraint_filter_only;global_repair;native_validator_guided;raw_mutation;static_hard_configfuzz,rq3-current-transformers-accelerate-c73e82d043369c55,process_group_initialization,RuntimeError: selected index k out of range
transformers-accelerate,deepseekv3-train,moe.moe_router_num_groups,5,5,configfuzz;global_repair;native_validator_guided;raw_mutation;static_hard_configfuzz,rq3-current-transformers-accelerate-a20b6f0c124ff85a,process_group_initialization,RuntimeError: selected index k out of range
transformers-accelerate,deepseekv3-train,moe.moe_router_num_groups,6,5,configfuzz;global_repair;native_validator_guided;raw_mutation;static_hard_configfuzz,rq3-current-transformers-accelerate-cdb2b9e9bb84dde1,process_group_initialization,RuntimeError: selected index k out of range
transformers-accelerate,deepseekv3-train,moe.moe_router_topk,-1,6,configfuzz;constraint_filter_only;global_repair;native_validator_guided;raw_mutation;static_hard_configfuzz,rq3-current-transformers-accelerate-e059f27d6e963a5f,process_group_initialization,RuntimeError: selected index k out of range
transformers-accelerate,deepseekv3-train,moe.moe_router_topk,10,2,native_validator_guided;raw_mutation,rq3-current-transformers-accelerate-f6a7fc9d2f32b03d,process_group_initialization,RuntimeError: selected index k out of range
transformers-accelerate,deepseekv3-train,moe.moe_router_topk,5,2,native_validator_guided;raw_mutation,rq3-current-transformers-accelerate-ed09f9a5d48cbcf3,process_group_initialization,RuntimeError: selected index k out of range
transformers-accelerate,deepseekv3-train,moe.moe_router_topk,6,2,native_validator_guided;raw_mutation,rq3-current-transformers-accelerate-15649d7c48155da7,process_group_initialization,RuntimeError: selected index k out of range
transformers-accelerate,deepseekv3-train,moe.n_shared_experts,-1,6,configfuzz;constraint_filter_only;global_repair;native_validator_guided;raw_mutation;static_hard_configfuzz,rq3-current-transformers-accelerate-2aa25a18a72769b6,process_group_initialization,"RuntimeError: Trying to create tensor with negative dimension -<N>: [-<N>, <N>]"
transformers-accelerate,deepseekv3-train,moe.num_experts,-4,5,configfuzz;global_repair;native_validator_guided;raw_mutation;static_hard_configfuzz,rq3-current-transformers-accelerate-3bdd434e9394aad1,process_group_initialization,"RuntimeError: Trying to create tensor with negative dimension -<N>: [-<N>, <N>, <N>]"
transformers-accelerate,deepseekv3-train,moe.num_experts,7,2,native_validator_guided;raw_mutation,rq3-current-transformers-accelerate-b643af1e1877a8c8,process_group_initialization,"RuntimeError: shape '[-<N>, <N>, <N>]' is invalid for input of size <N>"
transformers-accelerate,deepseekv3-train,moe.topk_group,-1,6,configfuzz;constraint_filter_only;global_repair;native_validator_guided;raw_mutation;static_hard_configfuzz,rq3-current-transformers-accelerate-0d612f4964ec64a2,process_group_initialization,RuntimeError: selected index k out of range
transformers-accelerate,deepseekv3-train,moe.topk_group,3,5,configfuzz;global_repair;native_validator_guided;raw_mutation;static_hard_configfuzz,rq3-current-transformers-accelerate-0601775d526ac042,process_group_initialization,RuntimeError: selected index k out of range
transformers-accelerate,deepseekv3-train,moe.topk_group,4,5,configfuzz;global_repair;native_validator_guided;raw_mutation;static_hard_configfuzz,rq3-current-transformers-accelerate-777e2517246b706a,process_group_initialization,RuntimeError: selected index k out of range
transformers-accelerate,deepseekv3-train,moe.topk_group,5,4,configfuzz;global_repair;native_validator_guided;raw_mutation,rq3-current-transformers-accelerate-b813a0ec027243fe,process_group_initialization,RuntimeError: selected index k out of range
transformers-accelerate,deepseekv3-train,moe.topk_group,9,4,configfuzz;global_repair;native_validator_guided;raw_mutation,rq3-current-transformers-accelerate-bcf66d7adb33ab5a,process_group_initialization,RuntimeError: selected index k out of range
transformers-accelerate,deepseekv3-train,training.micro_batch_size,-1,6,configfuzz;constraint_filter_only;global_repair;native_validator_guided;raw_mutation;static_hard_configfuzz,rq3-current-transformers-accelerate-02ea3627650a7d0e,process_group_initialization,"RuntimeError: Trying to create tensor with negative dimension -<N>: [-<N>, <N>]"
transformers-accelerate,internvl3-train,model.hidden_size,504,6,configfuzz;constraint_filter_only;global_repair;native_validator_guided;raw_mutation;static_hard_configfuzz,rq3-current-transformers-accelerate-0c21f8907292a3c4,process_group_initialization,RuntimeError: The size of tensor a (<N>) must match the size of tensor b (<N>) at non-singleton dimension <N>
transformers-accelerate,internvl3-train,model.hidden_size,508,5,configfuzz;global_repair;native_validator_guided;raw_mutation;static_hard_configfuzz,rq3-current-transformers-accelerate-53448b34b2b2d1c4,process_group_initialization,RuntimeError: The size of tensor a (<N>) must match the size of tensor b (<N>) at non-singleton dimension <N>
transformers-accelerate,internvl3-train,model.hidden_size,509,4,configfuzz;global_repair;native_validator_guided;raw_mutation,rq3-current-transformers-accelerate-b7e789cd4af26d51,process_group_initialization,RuntimeError: The size of tensor a (<N>) must match the size of tensor b (<N>) at non-singleton dimension <N>
transformers-accelerate,internvl3-train,model.hidden_size,514,1,static_hard_configfuzz,rq3-current-transformers-accelerate-451f70e6570363b7,process_group_initialization,RuntimeError: The size of tensor a (<N>) must match the size of tensor b (<N>) at non-singleton dimension <N>
transformers-accelerate,internvl3-train,model.hidden_size,520,6,configfuzz;constraint_filter_only;global_repair;native_validator_guided;raw_mutation;static_hard_configfuzz,rq3-current-transformers-accelerate-fc6bb44592689339,process_group_initialization,RuntimeError: The size of tensor a (<N>) must match the size of tensor b (<N>) at non-singleton dimension <N>
transformers-accelerate,internvl3-train,model.num_attention_heads,0,4,configfuzz;global_repair;native_validator_guided;raw_mutation,rq3-current-transformers-accelerate-e52aae6695ca4411,process_group_initialization,ZeroDivisionError: integer division or modulo by zero
transformers-accelerate,internvl3-train,model.num_attention_heads,10,5,configfuzz;global_repair;native_validator_guided;raw_mutation;static_hard_configfuzz,rq3-current-transformers-accelerate-71c38ed20028cb0e,process_group_initialization,RuntimeError: The size of tensor a (<N>) must match the size of tensor b (<N>) at non-singleton dimension <N>
transformers-accelerate,internvl3-train,model.num_attention_heads,11,3,native_validator_guided;raw_mutation;static_hard_configfuzz,rq3-current-transformers-accelerate-8d745fff50053f88,process_group_initialization,RuntimeError: The size of tensor a (<N>) must match the size of tensor b (<N>) at non-singleton dimension <N>
transformers-accelerate,internvl3-train,model.num_attention_heads,12,1,static_hard_configfuzz,rq3-current-transformers-accelerate-26bb57f36fdbb1e5,process_group_initialization,RuntimeError: The size of tensor a (<N>) must match the size of tensor b (<N>) at non-singleton dimension <N>
transformers-accelerate,internvl3-train,model.num_attention_heads,5,2,native_validator_guided;raw_mutation,rq3-current-transformers-accelerate-44b730f7a4485ed2,process_group_initialization,RuntimeError: Number of heads in key and value must divide the number of heads in
transformers-accelerate,internvl3-train,model.num_attention_heads,9,3,native_validator_guided;raw_mutation;static_hard_configfuzz,rq3-current-transformers-accelerate-ea965b503545b2a7,process_group_initialization,RuntimeError: The size of tensor a (<N>) must match the size of tensor b (<N>) at non-singleton dimension <N>
transformers-accelerate,internvl3-train,model.num_query_groups,-1,6,configfuzz;constraint_filter_only;global_repair;native_validator_guided;raw_mutation;static_hard_configfuzz,rq3-current-transformers-accelerate-e109a7c8730959bb,process_group_initialization,"RuntimeError: Trying to create tensor with negative dimension -<N>: [-<N>, <N>]"
transformers-accelerate,internvl3-train,model.num_query_groups,-2,6,configfuzz;constraint_filter_only;global_repair;native_validator_guided;raw_mutation;static_hard_configfuzz,rq3-current-transformers-accelerate-2c1c89fbb76f16ff,process_group_initialization,"RuntimeError: Trying to create tensor with negative dimension -<N>: [-<N>, <N>]"
transformers-accelerate,internvl3-train,model.num_query_groups,-6,4,configfuzz;global_repair;native_validator_guided;raw_mutation,rq3-current-transformers-accelerate-b402cd845112dba3,process_group_initialization,"RuntimeError: Trying to create tensor with negative dimension -<N>: [-<N>, <N>]"
transformers-accelerate,internvl3-train,model.num_query_groups,10,4,configfuzz;global_repair;native_validator_guided;raw_mutation,rq3-current-transformers-accelerate-6dafbe1c5e3744a3,process_group_initialization,RuntimeError: The size of tensor a (<N>) must match the size of tensor b (<N>) at non-singleton dimension <N>
transformers-accelerate,internvl3-train,model.num_query_groups,3,2,native_validator_guided;raw_mutation,rq3-current-transformers-accelerate-35bc4921d444de1b,process_group_initialization,RuntimeError: Number of heads in key and value must divide the number of heads in
transformers-accelerate,internvl3-train,model.num_query_groups,5,4,configfuzz;global_repair;native_validator_guided;raw_mutation,rq3-current-transformers-accelerate-f433ab96a8243996,process_group_initialization,RuntimeError: The size of tensor a (<N>) must match the size of tensor b (<N>) at non-singleton dimension <N>
transformers-accelerate,internvl3-train,model.num_query_groups,6,4,configfuzz;global_repair;native_validator_guided;raw_mutation,rq3-current-transformers-accelerate-ffd0c61ca7371aa9,process_group_initialization,RuntimeError: The size of tensor a (<N>) must match the size of tensor b (<N>) at non-singleton dimension <N>
transformers-accelerate,internvl3-train,multimodal.downsample_ratio,-0.5,6,configfuzz;constraint_filter_only;global_repair;native_validator_guided;raw_mutation;static_hard_configfuzz,rq3-current-transformers-accelerate-0ae972ee79ffdcc4,process_group_initialization,"RuntimeError: invalid shape dimension -<N> at index <N> of shape [<N>, <N>, -<N>, -<N>]"
transformers-accelerate,internvl3-train,multimodal.downsample_ratio,0.0,6,configfuzz;constraint_filter_only;global_repair;native_validator_guided;raw_mutation;static_hard_configfuzz,rq3-current-transformers-accelerate-988c7399ff6c97bc,process_group_initialization,ZeroDivisionError: float division by zero
transformers-accelerate,internvl3-train,multimodal.downsample_ratio,0.125,6,configfuzz;constraint_filter_only;global_repair;native_validator_guided;raw_mutation;static_hard_configfuzz,rq3-current-transformers-accelerate-a1ddd434ec9aa293,process_group_initialization,"RuntimeError: shape '[<N>, <N>, <N>, <N>]' is invalid for input of size <N>"
transformers-accelerate,internvl3-train,multimodal.image_size,56,6,configfuzz;constraint_filter_only;global_repair;native_validator_guided;raw_mutation;static_hard_configfuzz,rq3-current-transformers-accelerate-173e1e8fceca6bdd,process_group_initialization,"RuntimeError: shape '[<N>, <N>, <N>, <N>]' is invalid for input of size <N>"
transformers-accelerate,internvl3-train,multimodal.image_size,60,6,configfuzz;constraint_filter_only;global_repair;native_validator_guided;raw_mutation;static_hard_configfuzz,rq3-current-transformers-accelerate-6dab5ad1be2a710d,process_group_initialization,"RuntimeError: shape '[<N>, <N>, <N>, <N>]' is invalid for input of size <N>"
transformers-accelerate,internvl3-train,multimodal.image_size,61,6,configfuzz;constraint_filter_only;global_repair;native_validator_guided;raw_mutation;static_hard_configfuzz,rq3-current-transformers-accelerate-327a701b1aa3bccd,process_group_initialization,"RuntimeError: shape '[<N>, <N>, <N>, <N>]' is invalid for input of size <N>"
transformers-accelerate,internvl3-train,multimodal.num_channels,-1,6,configfuzz;constraint_filter_only;global_repair;native_validator_guided;raw_mutation;static_hard_configfuzz,rq3-current-transformers-accelerate-1725885c04560c35,process_group_initialization,"RuntimeError: Trying to create tensor with negative dimension -<N>: [<N>, -<N>, <N>, <N>]"
transformers-accelerate,internvl3-train,multimodal.num_channels,-5,6,configfuzz;constraint_filter_only;global_repair;native_validator_guided;raw_mutation;static_hard_configfuzz,rq3-current-transformers-accelerate-a76a65be002a5db2,process_group_initialization,"RuntimeError: Trying to create tensor with negative dimension -<N>: [<N>, -<N>, <N>, <N>]"
transformers-accelerate,internvl3-train,multimodal.num_channels,0,6,configfuzz;constraint_filter_only;global_repair;native_validator_guided;raw_mutation;static_hard_configfuzz,rq3-current-transformers-accelerate-6eb2ec3ffb527f73,process_group_initialization,RuntimeError: Sizes of tensors must match except in dimension <N>. Expected size <N> but got size <N> for tensor number <N> in the list.
transformers-accelerate,internvl3-train,multimodal.patch_size,12,6,configfuzz;constraint_filter_only;global_repair;native_validator_guided;raw_mutation;static_hard_configfuzz,rq3-current-transformers-accelerate-1fafba038543e025,process_group_initialization,"RuntimeError: shape '[<N>, <N>, <N>, <N>]' is invalid for input of size <N>"
transformers-accelerate,internvl3-train,multimodal.patch_size,17,6,configfuzz;constraint_filter_only;global_repair;native_validator_guided;raw_mutation;static_hard_configfuzz,rq3-current-transformers-accelerate-8978f5e60ecdabae,process_group_initialization,"RuntimeError: shape '[<N>, <N>, <N>, <N>]' is invalid for input of size <N>"
transformers-accelerate,internvl3-train,multimodal.patch_size,18,6,configfuzz;constraint_filter_only;global_repair;native_validator_guided;raw_mutation;static_hard_configfuzz,rq3-current-transformers-accelerate-618d1f20f9364903,process_group_initialization,"RuntimeError: shape '[<N>, <N>, <N>, <N>]' is invalid for input of size <N>"
transformers-accelerate,internvl3-train,multimodal.patch_size,19,6,configfuzz;constraint_filter_only;global_repair;native_validator_guided;raw_mutation;static_hard_configfuzz,rq3-current-transformers-accelerate-c5d19cb10dbb9b59,process_group_initialization,"RuntimeError: shape '[<N>, <N>, <N>, <N>]' is invalid for input of size <N>"
transformers-accelerate,internvl3-train,multimodal.patch_size,20,6,configfuzz;constraint_filter_only;global_repair;native_validator_guided;raw_mutation;static_hard_configfuzz,rq3-current-transformers-accelerate-b8c3a2cf8c4b3dea,process_group_initialization,"RuntimeError: shape '[<N>, <N>, <N>, <N>]' is invalid for input of size <N>"
transformers-accelerate,internvl3-train,multimodal.vision_num_attention_heads,-4,6,configfuzz;constraint_filter_only;global_repair;native_validator_guided;raw_mutation;static_hard_configfuzz,rq3-current-transformers-accelerate-1b7eab516814179e,process_group_initialization,"RuntimeError: invalid shape dimension -<N> at index <N> of shape [<N>, <N>, -<N>, -<N>]"
transformers-accelerate,internvl3-train,multimodal.vision_num_attention_heads,0,4,configfuzz;global_repair;native_validator_guided;raw_mutation,rq3-current-transformers-accelerate-119ec70d5abae308,process_group_initialization,ZeroDivisionError: integer division or modulo by zero
transformers-accelerate,internvl3-train,training.micro_batch_size,-1,6,configfuzz;constraint_filter_only;global_repair;native_validator_guided;raw_mutation;static_hard_configfuzz,rq3-current-transformers-accelerate-3e921a0f0521d1c3,process_group_initialization,"RuntimeError: Trying to create tensor with negative dimension -<N>: [-<N>, <N>]"
transformers-accelerate,internvl3-train,training.micro_batch_size,-2,6,configfuzz;constraint_filter_only;global_repair;native_validator_guided;raw_mutation;static_hard_configfuzz,rq3-current-transformers-accelerate-31b8c3cf02ec0fe8,process_group_initialization,"RuntimeError: Trying to create tensor with negative dimension -<N>: [-<N>, <N>]"
transformers-accelerate,llama2-train,model.ffn_hidden_size,-1,6,configfuzz;constraint_filter_only;global_repair;native_validator_guided;raw_mutation;static_hard_configfuzz,rq3-current-transformers-accelerate-4c66b29866ad87ac,process_group_initialization,"RuntimeError: Trying to create tensor with negative dimension -<N>: [-<N>, <N>]"
transformers-accelerate,llama2-train,model.hidden_size,-1,1,global_repair,rq3-current-transformers-accelerate-2e4d60387054b1d2,process_group_initialization,"RuntimeError: Trying to create tensor with negative dimension -<N>: [<N>, -<N>]"
transformers-accelerate,llama2-train,model.hidden_size,504,6,configfuzz;constraint_filter_only;global_repair;native_validator_guided;raw_mutation;static_hard_configfuzz,rq3-current-transformers-accelerate-47e919c28f6b32b5,process_group_initialization,RuntimeError: The size of tensor a (<N>) must match the size of tensor b (<N>) at non-singleton dimension <N>
transformers-accelerate,llama2-train,model.hidden_size,508,3,configfuzz;global_repair;static_hard_configfuzz,rq3-current-transformers-accelerate-8ae94b43502cee57,process_group_initialization,RuntimeError: The size of tensor a (<N>) must match the size of tensor b (<N>) at non-singleton dimension <N>
transformers-accelerate,llama2-train,model.hidden_size,509,1,global_repair,rq3-current-transformers-accelerate-fad0bf978dcfb243,process_group_initialization,RuntimeError: The size of tensor a (<N>) must match the size of tensor b (<N>) at non-singleton dimension <N>
transformers-accelerate,llama2-train,model.hidden_size,510,3,configfuzz;global_repair;static_hard_configfuzz,rq3-current-transformers-accelerate-657e4ce926a77a12,process_group_initialization,RuntimeError: The size of tensor a (<N>) must match the size of tensor b (<N>) at non-singleton dimension <N>
transformers-accelerate,llama2-train,model.hidden_size,511,1,global_repair,rq3-current-transformers-accelerate-aaee5e5a7fe33569,process_group_initialization,RuntimeError: The size of tensor a (<N>) must match the size of tensor b (<N>) at non-singleton dimension <N>
transformers-accelerate,llama2-train,model.hidden_size,513,1,global_repair,rq3-current-transformers-accelerate-5e19f8d8f50780ed,process_group_initialization,RuntimeError: The size of tensor a (<N>) must match the size of tensor b (<N>) at non-singleton dimension <N>
transformers-accelerate,llama2-train,model.hidden_size,514,3,configfuzz;global_repair;static_hard_configfuzz,rq3-current-transformers-accelerate-cf5e57f1d2297ad5,process_group_initialization,RuntimeError: The size of tensor a (<N>) must match the size of tensor b (<N>) at non-singleton dimension <N>
transformers-accelerate,llama2-train,model.hidden_size,515,1,global_repair,rq3-current-transformers-accelerate-d170449a0824e348,process_group_initialization,RuntimeError: The size of tensor a (<N>) must match the size of tensor b (<N>) at non-singleton dimension <N>
transformers-accelerate,llama2-train,model.hidden_size,520,6,configfuzz;constraint_filter_only;global_repair;native_validator_guided;raw_mutation;static_hard_configfuzz,rq3-current-transformers-accelerate-4f00fca4846c03e8,process_group_initialization,RuntimeError: The size of tensor a (<N>) must match the size of tensor b (<N>) at non-singleton dimension <N>
transformers-accelerate,llama2-train,model.num_attention_heads,-1,5,configfuzz;global_repair;native_validator_guided;raw_mutation;static_hard_configfuzz,rq3-current-transformers-accelerate-11ac300411c92e24,process_group_initialization,"RuntimeError: Trying to create tensor with negative dimension -<N>: [-<N>, <N>]"
transformers-accelerate,llama2-train,model.num_attention_heads,0,4,configfuzz;global_repair;native_validator_guided;raw_mutation,rq3-current-transformers-accelerate-175d9aae6121cbb9,process_group_initialization,ZeroDivisionError: integer division or modulo by zero
transformers-accelerate,llama2-train,model.num_attention_heads,1,2,native_validator_guided;raw_mutation,rq3-current-transformers-accelerate-ccafbc99818e93f3,process_group_initialization,RuntimeError: Number of heads in key and value must divide the number of heads in
transformers-accelerate,llama2-train,model.num_attention_heads,10,3,configfuzz;global_repair;static_hard_configfuzz,rq3-current-transformers-accelerate-034d292702aababc,process_group_initialization,RuntimeError: The size of tensor a (<N>) must match the size of tensor b (<N>) at non-singleton dimension <N>
transformers-accelerate,llama2-train,model.num_attention_heads,11,3,configfuzz;global_repair;static_hard_configfuzz,rq3-current-transformers-accelerate-80490a33e3d17535,process_group_initialization,RuntimeError: The size of tensor a (<N>) must match the size of tensor b (<N>) at non-singleton dimension <N>
transformers-accelerate,llama2-train,model.num_attention_heads,12,3,configfuzz;global_repair;static_hard_configfuzz,rq3-current-transformers-accelerate-9c7551044241fea8,process_group_initialization,RuntimeError: The size of tensor a (<N>) must match the size of tensor b (<N>) at non-singleton dimension <N>
transformers-accelerate,llama2-train,model.num_attention_heads,13,3,configfuzz;global_repair;static_hard_configfuzz,rq3-current-transformers-accelerate-312b17ec529470d4,process_group_initialization,RuntimeError: The size of tensor a (<N>) must match the size of tensor b (<N>) at non-singleton dimension <N>
transformers-accelerate,llama2-train,model.num_attention_heads,6,3,configfuzz;global_repair;static_hard_configfuzz,rq3-current-transformers-accelerate-ef9bb8b895ec0279,process_group_initialization,RuntimeError: The size of tensor a (<N>) must match the size of tensor b (<N>) at non-singleton dimension <N>
transformers-accelerate,llama2-train,model.num_attention_heads,7,3,configfuzz;global_repair;static_hard_configfuzz,rq3-current-transformers-accelerate-ae00d1ad98793471,process_group_initialization,RuntimeError: The size of tensor a (<N>) must match the size of tensor b (<N>) at non-singleton dimension <N>
transformers-accelerate,llama2-train,model.num_attention_heads,9,3,configfuzz;global_repair;static_hard_configfuzz,rq3-current-transformers-accelerate-92787e8620d9ceee,process_group_initialization,RuntimeError: The size of tensor a (<N>) must match the size of tensor b (<N>) at non-singleton dimension <N>
transformers-accelerate,llama2-train,model.num_query_groups,-1,6,configfuzz;constraint_filter_only;global_repair;native_validator_guided;raw_mutation;static_hard_configfuzz,rq3-current-transformers-accelerate-1015b7c8bad38854,process_group_initialization,"RuntimeError: Trying to create tensor with negative dimension -<N>: [-<N>, <N>]"
transformers-accelerate,llama2-train,model.num_query_groups,-2,6,configfuzz;constraint_filter_only;global_repair;native_validator_guided;raw_mutation;static_hard_configfuzz,rq3-current-transformers-accelerate-d47df95e8450ea2d,process_group_initialization,"RuntimeError: Trying to create tensor with negative dimension -<N>: [-<N>, <N>]"
transformers-accelerate,llama2-train,model.num_query_groups,-6,4,configfuzz;global_repair;native_validator_guided;raw_mutation,rq3-current-transformers-accelerate-336a7ea91644af1d,process_group_initialization,"RuntimeError: Trying to create tensor with negative dimension -<N>: [-<N>, <N>]"
transformers-accelerate,llama2-train,model.num_query_groups,0,4,configfuzz;global_repair;native_validator_guided;raw_mutation,rq3-current-transformers-accelerate-8cc0bcb9ceee5162,process_group_initialization,ZeroDivisionError: integer division or modulo by zero
transformers-accelerate,llama2-train,model.num_query_groups,10,4,configfuzz;global_repair;native_validator_guided;raw_mutation,rq3-current-transformers-accelerate-15ad20dbad6b909c,process_group_initialization,RuntimeError: Number of heads in key and value must divide the number of heads in
transformers-accelerate,llama2-train,model.num_query_groups,16,2,native_validator_guided;raw_mutation,rq3-current-transformers-accelerate-76ff795004ac6008,process_group_initialization,RuntimeError: Number of heads in key and value must divide the number of heads in
transformers-accelerate,llama2-train,model.num_query_groups,3,4,configfuzz;global_repair;native_validator_guided;raw_mutation,rq3-current-transformers-accelerate-c905bbe8b7123031,process_group_initialization,RuntimeError: Number of heads in key and value must divide the number of heads in
transformers-accelerate,llama2-train,model.num_query_groups,5,4,configfuzz;global_repair;native_validator_guided;raw_mutation,rq3-current-transformers-accelerate-beee4a954294a839,process_group_initialization,RuntimeError: Number of heads in key and value must divide the number of heads in
transformers-accelerate,llama2-train,model.num_query_groups,6,4,configfuzz;global_repair;native_validator_guided;raw_mutation,rq3-current-transformers-accelerate-ca792807ebabcb86,process_group_initialization,RuntimeError: Number of heads in key and value must divide the number of heads in
transformers-accelerate,llama2-train,model.num_query_groups,7,4,configfuzz;global_repair;native_validator_guided;raw_mutation,rq3-current-transformers-accelerate-23175ff5f572657b,process_group_initialization,RuntimeError: Number of heads in key and value must divide the number of heads in
transformers-accelerate,llama2-train,model.num_query_groups,9,4,configfuzz;global_repair;native_validator_guided;raw_mutation,rq3-current-transformers-accelerate-93862f34d14771b1,process_group_initialization,RuntimeError: Number of heads in key and value must divide the number of heads in
transformers-accelerate,llama2-train,model.seq_length,-1,6,configfuzz;constraint_filter_only;global_repair;native_validator_guided;raw_mutation;static_hard_configfuzz,rq3-current-transformers-accelerate-66c29b998273ea34,process_group_initialization,"RuntimeError: Trying to create tensor with negative dimension -<N>: [<N>, -<N>]"
transformers-accelerate,llama2-train,training.micro_batch_size,-1,6,configfuzz;constraint_filter_only;global_repair;native_validator_guided;raw_mutation;static_hard_configfuzz,rq3-current-transformers-accelerate-36e15b4792f458bf,process_group_initialization,"RuntimeError: Trying to create tensor with negative dimension -<N>: [-<N>, <N>]"
transformers-accelerate,llama2-train,training.micro_batch_size,-2,6,configfuzz;constraint_filter_only;global_repair;native_validator_guided;raw_mutation;static_hard_configfuzz,rq3-current-transformers-accelerate-2dc204922b189332,process_group_initialization,"RuntimeError: Trying to create tensor with negative dimension -<N>: [-<N>, <N>]"
transformers-accelerate,llama2-train,training.micro_batch_size,-3,6,configfuzz;constraint_filter_only;global_repair;native_validator_guided;raw_mutation;static_hard_configfuzz,rq3-current-transformers-accelerate-034e34f5606e32ea,process_group_initialization,"RuntimeError: Trying to create tensor with negative dimension -<N>: [-<N>, <N>]"
transformers-accelerate,llama2-train,training.micro_batch_size,-7,6,configfuzz;constraint_filter_only;global_repair;native_validator_guided;raw_mutation;static_hard_configfuzz,rq3-current-transformers-accelerate-0a9c18835b50d939,process_group_initialization,"RuntimeError: Trying to create tensor with negative dimension -<N>: [-<N>, <N>]"
transformers-accelerate,llama2-train,training.micro_batch_size,0,6,configfuzz;constraint_filter_only;global_repair;native_validator_guided;raw_mutation;static_hard_configfuzz,rq3-current-transformers-accelerate-d71412d06c3f5d35,process_group_initialization,"RuntimeError: cannot reshape tensor of <N> elements into shape [<N>, <N>, -<N>, <N>] because the unspecified dimension size -<N> can be any value and is ambiguous"
transformers-accelerate,mixtral-train,model.ffn_hidden_size,-1,6,configfuzz;constraint_filter_only;global_repair;native_validator_guided;raw_mutation;static_hard_configfuzz,rq3-current-transformers-accelerate-22f7aa846e83fc21,process_group_initialization,"RuntimeError: Trying to create tensor with negative dimension -<N>: [<N>, -<N>, <N>]"
transformers-accelerate,mixtral-train,model.hidden_size,-1,4,configfuzz;global_repair;native_validator_guided;raw_mutation,rq3-current-transformers-accelerate-192398075f3c5e5f,process_group_initialization,"RuntimeError: Trying to create tensor with negative dimension -<N>: [<N>, -<N>]"
transformers-accelerate,mixtral-train,model.hidden_size,1,4,configfuzz;global_repair;native_validator_guided;raw_mutation,rq3-current-transformers-accelerate-82349eba6891d3ab,process_group_initialization,ZeroDivisionError: <N> cannot be raised to a negative power
transformers-accelerate,mixtral-train,model.hidden_size,504,6,configfuzz;constraint_filter_only;global_repair;native_validator_guided;raw_mutation;static_hard_configfuzz,rq3-current-transformers-accelerate-fc89b05c55847c36,process_group_initialization,RuntimeError: The size of tensor a (<N>) must match the size of tensor b (<N>) at non-singleton dimension <N>
transformers-accelerate,mixtral-train,model.hidden_size,508,5,configfuzz;global_repair;native_validator_guided;raw_mutation;static_hard_configfuzz,rq3-current-transformers-accelerate-0297211ee2733ef9,process_group_initialization,RuntimeError: The size of tensor a (<N>) must match the size of tensor b (<N>) at non-singleton dimension <N>
transformers-accelerate,mixtral-train,model.hidden_size,509,4,configfuzz;global_repair;native_validator_guided;raw_mutation,rq3-current-transformers-accelerate-197513977e3316f0,process_group_initialization,RuntimeError: The size of tensor a (<N>) must match the size of tensor b (<N>) at non-singleton dimension <N>
transformers-accelerate,mixtral-train,model.hidden_size,510,5,configfuzz;global_repair;native_validator_guided;raw_mutation;static_hard_configfuzz,rq3-current-transformers-accelerate-f2d67a6c2af13053,process_group_initialization,RuntimeError: The size of tensor a (<N>) must match the size of tensor b (<N>) at non-singleton dimension <N>
transformers-accelerate,mixtral-train,model.hidden_size,511,4,configfuzz;global_repair;native_validator_guided;raw_mutation,rq3-current-transformers-accelerate-56e5e1bfbd223fbf,process_group_initialization,RuntimeError: The size of tensor a (<N>) must match the size of tensor b (<N>) at non-singleton dimension <N>
transformers-accelerate,mixtral-train,model.hidden_size,514,1,static_hard_configfuzz,rq3-current-transformers-accelerate-9f69ca6680c08f47,process_group_initialization,RuntimeError: The size of tensor a (<N>) must match the size of tensor b (<N>) at non-singleton dimension <N>
transformers-accelerate,mixtral-train,model.hidden_size,520,6,configfuzz;constraint_filter_only;global_repair;native_validator_guided;raw_mutation;static_hard_configfuzz,rq3-current-transformers-accelerate-5df4a8ab8ac0fa0d,process_group_initialization,RuntimeError: The size of tensor a (<N>) must match the size of tensor b (<N>) at non-singleton dimension <N>
transformers-accelerate,mixtral-train,model.num_attention_heads,-1,5,configfuzz;global_repair;native_validator_guided;raw_mutation;static_hard_configfuzz,rq3-current-transformers-accelerate-806889e50f6f3ed1,process_group_initialization,"RuntimeError: Trying to create tensor with negative dimension -<N>: [-<N>, <N>]"
transformers-accelerate,mixtral-train,model.num_attention_heads,0,4,configfuzz;global_repair;native_validator_guided;raw_mutation,rq3-current-transformers-accelerate-32fc3c03977e3d15,process_group_initialization,ZeroDivisionError: integer division or modulo by zero
transformers-accelerate,mixtral-train,model.num_attention_heads,10,5,configfuzz;global_repair;native_validator_guided;raw_mutation;static_hard_configfuzz,rq3-current-transformers-accelerate-e97c30c8349035d6,process_group_initialization,RuntimeError: The size of tensor a (<N>) must match the size of tensor b (<N>) at non-singleton dimension <N>
transformers-accelerate,mixtral-train,model.num_attention_heads,11,3,native_validator_guided;raw_mutation;static_hard_configfuzz,rq3-current-transformers-accelerate-1cc212b174887e98,process_group_initialization,RuntimeError: The size of tensor a (<N>) must match the size of tensor b (<N>) at non-singleton dimension <N>
transformers-accelerate,mixtral-train,model.num_attention_heads,12,1,static_hard_configfuzz,rq3-current-transformers-accelerate-6e61f3712096c77f,process_group_initialization,RuntimeError: The size of tensor a (<N>) must match the size of tensor b (<N>) at non-singleton dimension <N>
transformers-accelerate,mixtral-train,model.num_attention_heads,13,5,configfuzz;global_repair;native_validator_guided;raw_mutation;static_hard_configfuzz,rq3-current-transformers-accelerate-e904a232e47165b2,process_group_initialization,RuntimeError: The size of tensor a (<N>) must match the size of tensor b (<N>) at non-singleton dimension <N>
transformers-accelerate,mixtral-train,model.num_attention_heads,15,2,native_validator_guided;raw_mutation,rq3-current-transformers-accelerate-7854b77e60f47d88,process_group_initialization,RuntimeError: Number of heads in key and value must divide the number of heads in
transformers-accelerate,mixtral-train,model.num_attention_heads,5,2,native_validator_guided;raw_mutation,rq3-current-transformers-accelerate-298ee1b742b3fab5,process_group_initialization,RuntimeError: Number of heads in key and value must divide the number of heads in
transformers-accelerate,mixtral-train,model.num_attention_heads,6,5,configfuzz;global_repair;native_validator_guided;raw_mutation;static_hard_configfuzz,rq3-current-transformers-accelerate-ba130cecdc409989,process_group_initialization,RuntimeError: The size of tensor a (<N>) must match the size of tensor b (<N>) at non-singleton dimension <N>
transformers-accelerate,mixtral-train,model.num_attention_heads,7,5,configfuzz;global_repair;native_validator_guided;raw_mutation;static_hard_configfuzz,rq3-current-transformers-accelerate-c9a82d0c2ce17eff,process_group_initialization,RuntimeError: The size of tensor a (<N>) must match the size of tensor b (<N>) at non-singleton dimension <N>
transformers-accelerate,mixtral-train,model.num_attention_heads,9,3,native_validator_guided;raw_mutation;static_hard_configfuzz,rq3-current-transformers-accelerate-9fd15cf9c7027abc,process_group_initialization,RuntimeError: The size of tensor a (<N>) must match the size of tensor b (<N>) at non-singleton dimension <N>
transformers-accelerate,mixtral-train,model.num_query_groups,-1,6,configfuzz;constraint_filter_only;global_repair;native_validator_guided;raw_mutation;static_hard_configfuzz,rq3-current-transformers-accelerate-dbdb46bac86887dd,process_group_initialization,"RuntimeError: Trying to create tensor with negative dimension -<N>: [-<N>, <N>]"
transformers-accelerate,mixtral-train,model.num_query_groups,-2,6,configfuzz;constraint_filter_only;global_repair;native_validator_guided;raw_mutation;static_hard_configfuzz,rq3-current-transformers-accelerate-f00f42a72ce61ea3,process_group_initialization,"RuntimeError: Trying to create tensor with negative dimension -<N>: [-<N>, <N>]"
transformers-accelerate,mixtral-train,model.num_query_groups,-6,4,configfuzz;global_repair;native_validator_guided;raw_mutation,rq3-current-transformers-accelerate-f9283c3d08e05ed6,process_group_initialization,"RuntimeError: Trying to create tensor with negative dimension -<N>: [-<N>, <N>]"
transformers-accelerate,mixtral-train,model.num_query_groups,0,4,configfuzz;global_repair;native_validator_guided;raw_mutation,rq3-current-transformers-accelerate-26f92e173dbb55b1,process_group_initialization,ZeroDivisionError: integer division or modulo by zero
transformers-accelerate,mixtral-train,model.num_query_groups,10,4,configfuzz;global_repair;native_validator_guided;raw_mutation,rq3-current-transformers-accelerate-743a2c4bc2672fa2,process_group_initialization,RuntimeError: The size of tensor a (<N>) must match the size of tensor b (<N>) at non-singleton dimension <N>
transformers-accelerate,mixtral-train,model.num_query_groups,16,2,native_validator_guided;raw_mutation,rq3-current-transformers-accelerate-3302285b43205d96,process_group_initialization,RuntimeError: Number of heads in key and value must divide the number of heads in
transformers-accelerate,mixtral-train,model.num_query_groups,3,2,native_validator_guided;raw_mutation,rq3-current-transformers-accelerate-75d6274812c17f4a,process_group_initialization,RuntimeError: Number of heads in key and value must divide the number of heads in
transformers-accelerate,mixtral-train,model.num_query_groups,5,4,configfuzz;global_repair;native_validator_guided;raw_mutation,rq3-current-transformers-accelerate-676efa66c1479d57,process_group_initialization,RuntimeError: The size of tensor a (<N>) must match the size of tensor b (<N>) at non-singleton dimension <N>
transformers-accelerate,mixtral-train,model.num_query_groups,6,4,configfuzz;global_repair;native_validator_guided;raw_mutation,rq3-current-transformers-accelerate-bde66b5914dd79f8,process_group_initialization,RuntimeError: The size of tensor a (<N>) must match the size of tensor b (<N>) at non-singleton dimension <N>
transformers-accelerate,mixtral-train,model.num_query_groups,7,4,configfuzz;global_repair;native_validator_guided;raw_mutation,rq3-current-transformers-accelerate-1558e2a6598e306b,process_group_initialization,RuntimeError: The size of tensor a (<N>) must match the size of tensor b (<N>) at non-singleton dimension <N>
transformers-accelerate,mixtral-train,model.seq_length,-1,6,configfuzz;constraint_filter_only;global_repair;native_validator_guided;raw_mutation;static_hard_configfuzz,rq3-current-transformers-accelerate-25b9c6ba3e0a4a1e,process_group_initialization,"RuntimeError: Trying to create tensor with negative dimension -<N>: [<N>, -<N>]"
transformers-accelerate,mixtral-train,moe.moe_router_topk,-1,6,configfuzz;constraint_filter_only;global_repair;native_validator_guided;raw_mutation;static_hard_configfuzz,rq3-current-transformers-accelerate-6cab355a6cc84c14,process_group_initialization,RuntimeError: selected index k out of range
transformers-accelerate,mixtral-train,moe.moe_router_topk,-2,6,configfuzz;constraint_filter_only;global_repair;native_validator_guided;raw_mutation;static_hard_configfuzz,rq3-current-transformers-accelerate-3bd3f7e272d81dfb,process_group_initialization,RuntimeError: selected index k out of range
transformers-accelerate,mixtral-train,moe.moe_router_topk,-6,6,configfuzz;constraint_filter_only;global_repair;native_validator_guided;raw_mutation;static_hard_configfuzz,rq3-current-transformers-accelerate-b30cf8dbcd69eab1,process_group_initialization,RuntimeError: selected index k out of range
transformers-accelerate,mixtral-train,moe.moe_router_topk,10,2,native_validator_guided;raw_mutation,rq3-current-transformers-accelerate-4ec995efd9cec1bc,process_group_initialization,RuntimeError: selected index k out of range
transformers-accelerate,mixtral-train,moe.moe_router_topk,16,2,native_validator_guided;raw_mutation,rq3-current-transformers-accelerate-a5e1d4a847bf87bd,process_group_initialization,RuntimeError: selected index k out of range
transformers-accelerate,mixtral-train,moe.moe_router_topk,5,2,native_validator_guided;raw_mutation,rq3-current-transformers-accelerate-92dcfd255508d722,process_group_initialization,RuntimeError: selected index k out of range
transformers-accelerate,mixtral-train,moe.moe_router_topk,6,2,native_validator_guided;raw_mutation,rq3-current-transformers-accelerate-2d9a9ccd49d2e407,process_group_initialization,RuntimeError: selected index k out of range
transformers-accelerate,mixtral-train,moe.moe_router_topk,7,2,native_validator_guided;raw_mutation,rq3-current-transformers-accelerate-94f10499dbfb9068,process_group_initialization,RuntimeError: selected index k out of range
transformers-accelerate,mixtral-train,moe.num_experts,-1,5,configfuzz;global_repair;native_validator_guided;raw_mutation;static_hard_configfuzz,rq3-current-transformers-accelerate-fc3fc9e266e65633,process_group_initialization,"RuntimeError: Trying to create tensor with negative dimension -<N>: [-<N>, <N>]"
transformers-accelerate,mixtral-train,moe.num_experts,-4,5,configfuzz;global_repair;native_validator_guided;raw_mutation;static_hard_configfuzz,rq3-current-transformers-accelerate-365119cdb5028e1c,process_group_initialization,"RuntimeError: Trying to create tensor with negative dimension -<N>: [-<N>, <N>]"
transformers-accelerate,mixtral-train,moe.num_experts,0,2,native_validator_guided;raw_mutation,rq3-current-transformers-accelerate-d1292863fa1ad197,process_group_initialization,RuntimeError: selected index k out of range
transformers-accelerate,mixtral-train,moe.num_experts,1,2,native_validator_guided;raw_mutation,rq3-current-transformers-accelerate-bae707bcc16e32eb,process_group_initialization,RuntimeError: selected index k out of range
transformers-accelerate,mixtral-train,training.micro_batch_size,-1,6,configfuzz;constraint_filter_only;global_repair;native_validator_guided;raw_mutation;static_hard_configfuzz,rq3-current-transformers-accelerate-ae5b4ab120744ec9,process_group_initialization,"RuntimeError: Trying to create tensor with negative dimension -<N>: [-<N>, <N>]"
transformers-accelerate,mixtral-train,training.micro_batch_size,-2,6,configfuzz;constraint_filter_only;global_repair;native_validator_guided;raw_mutation;static_hard_configfuzz,rq3-current-transformers-accelerate-5db9fcdaa6a0db38,process_group_initialization,"RuntimeError: Trying to create tensor with negative dimension -<N>: [-<N>, <N>]"
transformers-accelerate,mixtral-train,training.micro_batch_size,-3,6,configfuzz;constraint_filter_only;global_repair;native_validator_guided;raw_mutation;static_hard_configfuzz,rq3-current-transformers-accelerate-a20d9bc494f4314b,process_group_initialization,"RuntimeError: Trying to create tensor with negative dimension -<N>: [-<N>, <N>]"
transformers-accelerate,mixtral-train,training.micro_batch_size,-7,6,configfuzz;constraint_filter_only;global_repair;native_validator_guided;raw_mutation;static_hard_configfuzz,rq3-current-transformers-accelerate-33268632ede1efe8,process_group_initialization,"RuntimeError: Trying to create tensor with negative dimension -<N>: [-<N>, <N>]"
transformers-accelerate,mixtral-train,training.micro_batch_size,0,6,configfuzz;constraint_filter_only;global_repair;native_validator_guided;raw_mutation;static_hard_configfuzz,rq3-current-transformers-accelerate-93b3620c7aed821c,process_group_initialization,"RuntimeError: cannot reshape tensor of <N> elements into shape [<N>, <N>, -<N>, <N>] because the unspecified dimension size -<N> can be any value and is ambiguous"
transformers-accelerate,qwen2-train,model.ffn_hidden_size,-1,6,configfuzz;constraint_filter_only;global_repair;native_validator_guided;raw_mutation;static_hard_configfuzz,rq3-current-transformers-accelerate-c7c204faeb15e8ae,process_group_initialization,"RuntimeError: Trying to create tensor with negative dimension -<N>: [-<N>, <N>]"
transformers-accelerate,qwen2-train,model.hidden_size,-1,4,configfuzz;global_repair;native_validator_guided;raw_mutation,rq3-current-transformers-accelerate-3094d4dc04d72e93,process_group_initialization,"RuntimeError: Trying to create tensor with negative dimension -<N>: [<N>, -<N>]"
transformers-accelerate,qwen2-train,model.hidden_size,1,4,configfuzz;global_repair;native_validator_guided;raw_mutation,rq3-current-transformers-accelerate-4c6a59684f6d1642,process_group_initialization,ZeroDivisionError: <N> cannot be raised to a negative power
transformers-accelerate,qwen2-train,model.hidden_size,2,4,configfuzz;global_repair;native_validator_guided;raw_mutation,rq3-current-transformers-accelerate-9213f9123b077522,process_group_initialization,ZeroDivisionError: <N> cannot be raised to a negative power
transformers-accelerate,qwen2-train,model.hidden_size,4,4,configfuzz;global_repair;native_validator_guided;raw_mutation,rq3-current-transformers-accelerate-8e5cebaa2e20ecaf,process_group_initialization,ZeroDivisionError: <N> cannot be raised to a negative power
transformers-accelerate,qwen2-train,model.hidden_size,504,6,configfuzz;constraint_filter_only;global_repair;native_validator_guided;raw_mutation;static_hard_configfuzz,rq3-current-transformers-accelerate-0caea16eff212ad1,process_group_initialization,RuntimeError: The size of tensor a (<N>) must match the size of tensor b (<N>) at non-singleton dimension <N>
transformers-accelerate,qwen2-train,model.hidden_size,508,5,configfuzz;global_repair;native_validator_guided;raw_mutation;static_hard_configfuzz,rq3-current-transformers-accelerate-26e48afa7c546c33,process_group_initialization,RuntimeError: The size of tensor a (<N>) must match the size of tensor b (<N>) at non-singleton dimension <N>
transformers-accelerate,qwen2-train,model.hidden_size,509,4,configfuzz;global_repair;native_validator_guided;raw_mutation,rq3-current-transformers-accelerate-8f76fab91536d6f7,process_group_initialization,RuntimeError: The size of tensor a (<N>) must match the size of tensor b (<N>) at non-singleton dimension <N>
transformers-accelerate,qwen2-train,model.hidden_size,510,5,configfuzz;global_repair;native_validator_guided;raw_mutation;static_hard_configfuzz,rq3-current-transformers-accelerate-2de5e0332ae0fbba,process_group_initialization,RuntimeError: The size of tensor a (<N>) must match the size of tensor b (<N>) at non-singleton dimension <N>
transformers-accelerate,qwen2-train,model.hidden_size,511,4,configfuzz;global_repair;native_validator_guided;raw_mutation,rq3-current-transformers-accelerate-804aaeebf9e0eeae,process_group_initialization,RuntimeError: The size of tensor a (<N>) must match the size of tensor b (<N>) at non-singleton dimension <N>
transformers-accelerate,qwen2-train,model.hidden_size,514,1,static_hard_configfuzz,rq3-current-transformers-accelerate-616b38ed07eda464,process_group_initialization,RuntimeError: The size of tensor a (<N>) must match the size of tensor b (<N>) at non-singleton dimension <N>
transformers-accelerate,qwen2-train,model.hidden_size,520,6,configfuzz;constraint_filter_only;global_repair;native_validator_guided;raw_mutation;static_hard_configfuzz,rq3-current-transformers-accelerate-2a2edebe4564c56d,process_group_initialization,RuntimeError: The size of tensor a (<N>) must match the size of tensor b (<N>) at non-singleton dimension <N>
transformers-accelerate,qwen2-train,model.num_attention_heads,-1,5,configfuzz;global_repair;native_validator_guided;raw_mutation;static_hard_configfuzz,rq3-current-transformers-accelerate-8a4066c7e8a1f4e9,process_group_initialization,"RuntimeError: Trying to create tensor with negative dimension -<N>: [-<N>, <N>]"
transformers-accelerate,qwen2-train,model.num_attention_heads,0,4,configfuzz;global_repair;native_validator_guided;raw_mutation,rq3-current-transformers-accelerate-4abfd5fb018605b8,process_group_initialization,ZeroDivisionError: integer division or modulo by zero
transformers-accelerate,qwen2-train,model.num_attention_heads,1,2,native_validator_guided;raw_mutation,rq3-current-transformers-accelerate-1370ca3fa60a1257,process_group_initialization,RuntimeError: Number of heads in key and value must divide the number of heads in
transformers-accelerate,qwen2-train,model.num_attention_heads,10,5,configfuzz;global_repair;native_validator_guided;raw_mutation;static_hard_configfuzz,rq3-current-transformers-accelerate-520059f261daf87a,process_group_initialization,RuntimeError: The size of tensor a (<N>) must match the size of tensor b (<N>) at non-singleton dimension <N>
transformers-accelerate,qwen2-train,model.num_attention_heads,11,3,native_validator_guided;raw_mutation;static_hard_configfuzz,rq3-current-transformers-accelerate-274f2dc99de64859,process_group_initialization,RuntimeError: The size of tensor a (<N>) must match the size of tensor b (<N>) at non-singleton dimension <N>
transformers-accelerate,qwen2-train,model.num_attention_heads,12,1,static_hard_configfuzz,rq3-current-transformers-accelerate-5da4659271412f0f,process_group_initialization,RuntimeError: The size of tensor a (<N>) must match the size of tensor b (<N>) at non-singleton dimension <N>
transformers-accelerate,qwen2-train,model.num_attention_heads,13,5,configfuzz;global_repair;native_validator_guided;raw_mutation;static_hard_configfuzz,rq3-current-transformers-accelerate-bbb25a99f1f860c5,process_group_initialization,RuntimeError: The size of tensor a (<N>) must match the size of tensor b (<N>) at non-singleton dimension <N>
transformers-accelerate,qwen2-train,model.num_attention_heads,15,2,native_validator_guided;raw_mutation,rq3-current-transformers-accelerate-e65b0b5aa05eddea,process_group_initialization,RuntimeError: Number of heads in key and value must divide the number of heads in
transformers-accelerate,qwen2-train,model.num_attention_heads,17,2,native_validator_guided;raw_mutation,rq3-current-transformers-accelerate-9f31d5fe279b02ab,process_group_initialization,RuntimeError: Number of heads in key and value must divide the number of heads in
transformers-accelerate,qwen2-train,model.num_attention_heads,5,2,native_validator_guided;raw_mutation,rq3-current-transformers-accelerate-cac5075fcc13252b,process_group_initialization,RuntimeError: Number of heads in key and value must divide the number of heads in
transformers-accelerate,qwen2-train,model.num_attention_heads,6,5,configfuzz;global_repair;native_validator_guided;raw_mutation;static_hard_configfuzz,rq3-current-transformers-accelerate-6f70ab5da2c8cf06,process_group_initialization,RuntimeError: The size of tensor a (<N>) must match the size of tensor b (<N>) at non-singleton dimension <N>
transformers-accelerate,qwen2-train,model.num_attention_heads,7,5,configfuzz;global_repair;native_validator_guided;raw_mutation;static_hard_configfuzz,rq3-current-transformers-accelerate-13a399d54a74a9f5,process_group_initialization,RuntimeError: The size of tensor a (<N>) must match the size of tensor b (<N>) at non-singleton dimension <N>
transformers-accelerate,qwen2-train,model.num_attention_heads,9,3,native_validator_guided;raw_mutation;static_hard_configfuzz,rq3-current-transformers-accelerate-49d4de866a08675b,process_group_initialization,RuntimeError: The size of tensor a (<N>) must match the size of tensor b (<N>) at non-singleton dimension <N>
transformers-accelerate,qwen2-train,model.num_query_groups,-1,6,configfuzz;constraint_filter_only;global_repair;native_validator_guided;raw_mutation;static_hard_configfuzz,rq3-current-transformers-accelerate-97bf420cf31ade42,process_group_initialization,"RuntimeError: Trying to create tensor with negative dimension -<N>: [-<N>, <N>]"
transformers-accelerate,qwen2-train,model.num_query_groups,-2,6,configfuzz;constraint_filter_only;global_repair;native_validator_guided;raw_mutation;static_hard_configfuzz,rq3-current-transformers-accelerate-0d372945b1d6efc2,process_group_initialization,"RuntimeError: Trying to create tensor with negative dimension -<N>: [-<N>, <N>]"
transformers-accelerate,qwen2-train,model.num_query_groups,-6,4,configfuzz;global_repair;native_validator_guided;raw_mutation,rq3-current-transformers-accelerate-4a3bee21d0b86fd6,process_group_initialization,"RuntimeError: Trying to create tensor with negative dimension -<N>: [-<N>, <N>]"
transformers-accelerate,qwen2-train,model.num_query_groups,0,4,configfuzz;global_repair;native_validator_guided;raw_mutation,rq3-current-transformers-accelerate-91bb0b42e1f8b3ed,process_group_initialization,ZeroDivisionError: integer division or modulo by zero
transformers-accelerate,qwen2-train,model.num_query_groups,10,4,configfuzz;global_repair;native_validator_guided;raw_mutation,rq3-current-transformers-accelerate-87ba743436bffac0,process_group_initialization,RuntimeError: The size of tensor a (<N>) must match the size of tensor b (<N>) at non-singleton dimension <N>
transformers-accelerate,qwen2-train,model.num_query_groups,16,2,native_validator_guided;raw_mutation,rq3-current-transformers-accelerate-f8d463b4cf84192e,process_group_initialization,RuntimeError: Number of heads in key and value must divide the number of heads in
transformers-accelerate,qwen2-train,model.num_query_groups,3,2,native_validator_guided;raw_mutation,rq3-current-transformers-accelerate-dd9e67cb6219e0fa,process_group_initialization,RuntimeError: Number of heads in key and value must divide the number of heads in
transformers-accelerate,qwen2-train,model.num_query_groups,5,4,configfuzz;global_repair;native_validator_guided;raw_mutation,rq3-current-transformers-accelerate-09c665e925b052cf,process_group_initialization,RuntimeError: The size of tensor a (<N>) must match the size of tensor b (<N>) at non-singleton dimension <N>
transformers-accelerate,qwen2-train,model.num_query_groups,6,4,configfuzz;global_repair;native_validator_guided;raw_mutation,rq3-current-transformers-accelerate-680e7d36b1d4189b,process_group_initialization,RuntimeError: The size of tensor a (<N>) must match the size of tensor b (<N>) at non-singleton dimension <N>
transformers-accelerate,qwen2-train,model.num_query_groups,7,4,configfuzz;global_repair;native_validator_guided;raw_mutation,rq3-current-transformers-accelerate-73ece7eb947baedd,process_group_initialization,RuntimeError: The size of tensor a (<N>) must match the size of tensor b (<N>) at non-singleton dimension <N>
transformers-accelerate,qwen2-train,model.num_query_groups,9,2,native_validator_guided;raw_mutation,rq3-current-transformers-accelerate-ab22ae0a7243e1f5,process_group_initialization,RuntimeError: Number of heads in key and value must divide the number of heads in
transformers-accelerate,qwen2-train,model.seq_length,-1,6,configfuzz;constraint_filter_only;global_repair;native_validator_guided;raw_mutation;static_hard_configfuzz,rq3-current-transformers-accelerate-bf25acb6f52dda51,process_group_initialization,"RuntimeError: Trying to create tensor with negative dimension -<N>: [<N>, -<N>]"
transformers-accelerate,qwen2-train,model.vocab_size,-1,6,configfuzz;constraint_filter_only;global_repair;native_validator_guided;raw_mutation;static_hard_configfuzz,rq3-current-transformers-accelerate-bc0003cf885efb82,process_group_initialization,"RuntimeError: Trying to create tensor with negative dimension -<N>: [-<N>, <N>]"
transformers-accelerate,qwen2-train,model.vocab_size,1,6,configfuzz;constraint_filter_only;global_repair;native_validator_guided;raw_mutation;static_hard_configfuzz,rq3-current-transformers-accelerate-e38e5859078f4063,process_group_initialization,"RuntimeError: random_ expects 'from' to be less than 'to', but got from=<N> >= to=<N>"
transformers-accelerate,qwen2-train,model.vocab_size,2,6,configfuzz;constraint_filter_only;global_repair;native_validator_guided;raw_mutation;static_hard_configfuzz,rq3-current-transformers-accelerate-428e5f7a86388133,process_group_initialization,"RuntimeError: random_ expects 'from' to be less than 'to', but got from=<N> >= to=<N>"
transformers-accelerate,qwen2-train,training.micro_batch_size,-1,6,configfuzz;constraint_filter_only;global_repair;native_validator_guided;raw_mutation;static_hard_configfuzz,rq3-current-transformers-accelerate-40fa8cbf064080ae,process_group_initialization,"RuntimeError: Trying to create tensor with negative dimension -<N>: [-<N>, <N>]"
transformers-accelerate,qwen2-train,training.micro_batch_size,-2,6,configfuzz;constraint_filter_only;global_repair;native_validator_guided;raw_mutation;static_hard_configfuzz,rq3-current-transformers-accelerate-c8884f5648233862,process_group_initialization,"RuntimeError: Trying to create tensor with negative dimension -<N>: [-<N>, <N>]"
transformers-accelerate,qwen2-train,training.micro_batch_size,-3,6,configfuzz;constraint_filter_only;global_repair;native_validator_guided;raw_mutation;static_hard_configfuzz,rq3-current-transformers-accelerate-bc05ddaf1c22f229,process_group_initialization,"RuntimeError: Trying to create tensor with negative dimension -<N>: [-<N>, <N>]"
transformers-accelerate,qwen2-train,training.micro_batch_size,-7,6,configfuzz;constraint_filter_only;global_repair;native_validator_guided;raw_mutation;static_hard_configfuzz,rq3-current-transformers-accelerate-8658f814129216cb,process_group_initialization,"RuntimeError: Trying to create tensor with negative dimension -<N>: [-<N>, <N>]"
transformers-accelerate,qwen2-train,training.micro_batch_size,0,6,configfuzz;constraint_filter_only;global_repair;native_validator_guided;raw_mutation;static_hard_configfuzz,rq3-current-transformers-accelerate-9b582578265444e9,process_group_initialization,"RuntimeError: cannot reshape tensor of <N> elements into shape [<N>, <N>, -<N>, <N>] because the unspecified dimension size -<N> can be any value and is ambiguous"
